#!/bin/sh
# find-4: meme «Anakin Padme 4 Panel». Regenerate: meme.py render "Anakin Padme 4 Panel"
cat <<'ART'

[38;2;168;180;84m[48;2;188;200;104m▀[38;2;180;188;100m[48;2;176;192;100m▀[38;2;176;192;104m[48;2;188;204;104m▀[38;2;176;188;108m[48;2;184;192;100m▀[38;2;172;184;92m[48;2;168;180;88m▀[38;2;208;220;136m[48;2;180;188;92m▀[38;2;192;204;124m[48;2;188;200;100m▀[38;2;156;168;84m[48;2;172;180;84m▀[38;2;176;184;100m[48;2;176;184;104m▀[38;2;172;180;112m[48;2;164;172;100m▀[38;2;164;172;92m[48;2;172;180;112m▀[38;2;168;180;100m[48;2;204;204;156m▀[38;2;196;204;140m[48;2;240;224;192m▀[38;2;204;204;160m[48;2;255;236;208m▀[38;2;244;240;216m[48;2;220;204;176m▀[38;2;248;248;216m[48;2;220;200;172m▀[38;2;224;220;192m[48;2;244;228;200m▀[38;2;212;200;172m[48;2;208;192;164m▀[38;2;220;216;196m[48;2;172;148;124m▀[38;2;228;224;204m[48;2;164;144;120m▀[38;2;232;232;180m[48;2;200;184;164m▀[38;2;204;212;136m[48;2;240;232;216m▀[38;2;168;180;108m[48;2;216;220;180m▀[38;2;164;176;92m[48;2;204;212;156m▀[38;2;192;204;104m[48;2;184;196;100m▀[38;2;200;212;124m[48;2;188;200;80m▀[38;2;176;192;100m[48;2;168;184;80m▀[38;2;160;172;76m[48;2;164;180;76m▀[38;2;160;176;88m[48;2;164;180;80m▀[38;2;160;176;92m[48;2;176;188;96m▀[38;2;164;176;92m[48;2;168;184;84m▀[38;2;168;184;88m[48;2;156;172;76m▀[38;2;160;176;76m[48;2;164;180;80m▀[38;2;160;176;68m[48;2;176;188;80m▀[38;2;180;196;88m[48;2;180;200;84m▀[38;2;164;176;96m[48;2;160;172;76m▀[38;2;196;208;124m[48;2;196;204;112m▀[38;2;192;200;116m[48;2;192;204;120m▀[38;2;188;204;96m[48;2;156;176;80m▀[38;2;192;204;92m[48;2;184;196;108m▀[38;2;208;216;128m[48;2;204;212;124m▀[38;2;200;208;112m[48;2;192;200;104m▀[38;2;184;196;112m[48;2;172;184;88m▀[38;2;180;192;104m[48;2;204;216;140m▀[38;2;224;228;156m[48;2;240;228;204m▀[38;2;236;224;176m[48;2;188;160;132m▀[38;2;224;196;156m[48;2;156;128;100m▀[38;2;196;160;136m[48;2;128;100;76m▀[38;2;160;128;104m[48;2;168;144;116m▀[38;2;184;160;136m[48;2;196;164;140m▀[38;2;236;212;188m[48;2;128;96;76m▀[38;2;196;164;140m[48;2;76;48;32m▀[38;2;148;112;92m[48;2;92;64;52m▀[38;2;132;104;80m[48;2;96;68;56m▀[38;2;132;100;84m[48;2;88;60;48m▀[38;2;136;104;96m[48;2;76;44;40m▀[38;2;104;76;68m[48;2;88;56;48m▀[38;2;96;68;60m[48;2;92;64;56m▀[38;2;84;56;52m[48;2;84;52;48m▀[38;2;88;60;52m[48;2;92;60;56m▀[38;2;104;76;68m[48;2;100;68;64m▀[38;2;112;84;76m[48;2;108;76;72m▀[38;2;132;104;100m[48;2;120;96;92m▀[38;2;148;128;124m[48;2;132;104;100m▀[38;2;192;164;148m[48;2;148;116;104m▀[38;2;240;204;184m[48;2;148;112;96m▀[38;2;184;152;132m[48;2;128;96;80m▀[38;2;164;136;124m[48;2;120;96;80m▀[38;2;160;132;120m[48;2;136;112;92m▀[38;2;148;124;116m[48;2;148;120;100m▀[38;2;140;116;96m[48;2;156;128;112m▀[38;2;144;120;96m[48;2;124;100;84m▀[38;2;152;128;104m[48;2;136;112;88m▀[38;2;144;116;96m[48;2;148;124;96m▀[38;2;152;128;108m[48;2;140;112;84m▀[38;2;120;100;84m[48;2;148;120;96m▀[38;2;112;96;76m[48;2;136;108;88m▀[38;2;132;112;88m[48;2;100;80;60m▀[38;2;128;108;76m[48;2;92;84;56m▀[38;2;176;172;100m[48;2;156;152;92m▀[0m
[38;2;184;192;100m[48;2;164;184;92m▀[38;2;176;188;88m[48;2;184;200;92m▀[38;2;180;196;92m[48;2;196;208;88m▀[38;2;164;180;96m[48;2;180;188;88m▀[38;2;168;180;96m[48;2;172;176;92m▀[38;2;164;180;72m[48;2;168;180;88m▀[38;2;160;176;64m[48;2;156;172;64m▀[38;2;168;184;80m[48;2;144;160;64m▀[38;2;152;160;72m[48;2;152;160;60m▀[38;2;168;180;84m[48;2;168;172;88m▀[38;2;200;196;140m[48;2;184;172;144m▀[38;2;220;196;172m[48;2;188;156;128m▀[38;2;196;168;136m[48;2;120;92;68m▀[38;2;176;152;120m[48;2;156;132;104m▀[38;2;152;120;92m[48;2;152;120;100m▀[38;2;160;132;104m[48;2;148;116;96m▀[38;2;196;168;140m[48;2;152;120;96m▀[38;2;196;164;136m[48;2;152;112;96m▀[38;2;168;136;112m[48;2;140;104;84m▀[38;2;160;132;108m[48;2;156;128;104m▀[38;2;168;140;120m[48;2;152;128;104m▀[38;2;168;144;120m[48;2;164;140;116m▀[38;2;200;188;168m[48;2;172;148;128m▀[38;2;248;244;228m[48;2;220;204;180m▀[38;2;192;200;132m[48;2;216;216;176m▀[38;2;164;180;68m[48;2;144;156;76m▀[38;2;168;184;92m[48;2;156;172;80m▀[38;2;168;184;84m[48;2;152;168;76m▀[38;2;184;200;100m[48;2;180;196;72m▀[38;2;180;192;68m[48;2;184;196;56m▀[38;2;176;192;80m[48;2;176;196;68m▀[38;2;160;176;80m[48;2;160;172;68m▀[38;2;184;196;88m[48;2;172;184;76m▀[38;2;196;208;68m[48;2;192;208;64m▀[38;2;176;192;68m[48;2;164;180;72m▀[38;2;148;164;80m[48;2;152;172;92m▀[38;2;168;184;104m[48;2;184;200;92m▀[38;2;168;180;88m[48;2;184;192;108m▀[38;2;144;164;92m[48;2;156;172;80m▀[38;2;164;180;92m[48;2;168;188;92m▀[38;2;176;192;100m[48;2;192;200;112m▀[38;2;188;196;104m[48;2;200;200;112m▀[38;2;180;192;96m[48;2;200;208;120m▀[38;2;212;220;144m[48;2;204;212;128m▀[38;2;224;208;192m[48;2;180;176;112m▀[38;2;128;96;76m[48;2;116;96;64m▀[38;2;84;60;40m[48;2;100;72;56m▀[38;2;128;104;80m[48;2;152;124;100m▀[38;2;176;148;116m[48;2;136;100;76m▀[38;2;128;100;76m[48;2;84;56;36m▀[38;2;68;40;28m[48;2;56;28;16m▀[38;2;56;28;20m[48;2;64;40;28m▀[38;2;80;52;44m[48;2;76;52;40m▀[38;2;76;52;40m[48;2;88;60;48m▀[38;2;76;48;36m[48;2;100;60;52m▀[38;2;88;52;44m[48;2;112;72;64m▀[38;2;96;56;52m[48;2;128;88;80m▀[38;2;100;68;60m[48;2;136;96;92m▀[38;2;104;68;60m[48;2;140;100;92m▀[38;2;124;80;76m[48;2;144;104;96m▀[38;2;128;92;88m[48;2;144;104;100m▀[38;2;132;96;88m[48;2;148;108;100m▀[38;2;132;96;92m[48;2;156;108;104m▀[38;2;144;104;104m[48;2;156;116;108m▀[38;2;136;96;92m[48;2;156;112;104m▀[38;2;108;72;68m[48;2;144;100;88m▀[38;2;84;52;44m[48;2;120;80;68m▀[38;2;68;36;28m[48;2;100;60;48m▀[38;2;56;28;20m[48;2;80;48;32m▀[38;2;72;48;36m[48;2;60;32;24m▀[38;2;120;96;80m[48;2;68;40;28m▀[38;2;132;104;96m[48;2;116;92;72m▀[38;2;76;56;44m[48;2;144;120;104m▀[38;2;88;68;48m[48;2;92;72;56m▀[38;2;128;100;72m[48;2;80;60;40m▀[38;2;124;96;76m[48;2;112;84;64m▀[38;2;136;108;84m[48;2;116;88;68m▀[38;2;144;116;92m[48;2;176;144;112m▀[38;2;132;112;88m[48;2;172;140;116m▀[38;2;148;132;100m[48;2;108;88;60m▀[0m
[38;2;160;172;88m[48;2;168;176;92m▀[38;2;176;188;112m[48;2;164;172;108m▀[38;2;200;208;116m[48;2;168;184;84m▀[38;2;184;192;92m[48;2;180;192;80m▀[38;2;168;180;72m[48;2;160;172;72m▀[38;2;160;172;84m[48;2;152;168;76m▀[38;2;156;168;72m[48;2;164;176;72m▀[38;2;156;168;60m[48;2;168;180;64m▀[38;2;160;164;72m[48;2;148;148;84m▀[38;2;152;144;116m[48;2;112;100;92m▀[38;2;160;140;124m[48;2;112;92;80m▀[38;2;164;132;108m[48;2;116;88;68m▀[38;2;156;124;108m[48;2;128;100;80m▀[38;2;152;124;96m[48;2;112;76;60m▀[38;2;156;120;100m[48;2;136;100;80m▀[38;2;140;108;88m[48;2;156;120;100m▀[38;2;112;76;60m[48;2;144;108;92m▀[38;2;104;68;52m[48;2;120;84;68m▀[38;2;124;92;76m[48;2;112;80;64m▀[38;2;120;92;72m[48;2;108;76;60m▀[38;2;124;96;76m[48;2;100;68;52m▀[38;2;152;128;108m[48;2;112;84;64m▀[38;2;176;152;128m[48;2;144;120;100m▀[38;2;216;196;172m[48;2;168;140;116m▀[38;2;252;252;248m[48;2;240;224;204m▀[38;2;204;204;144m[48;2;248;244;224m▀[38;2;160;172;76m[48;2;180;192;128m▀[38;2;152;168;72m[48;2;168;188;96m▀[38;2;180;196;80m[48;2;176;192;84m▀[38;2;172;188;72m[48;2;168;184;76m▀[38;2;164;184;76m[48;2;160;180;80m▀[38;2;152;168;68m[48;2;156;172;80m▀[38;2;172;184;68m[48;2;184;192;100m▀[38;2;176;192;60m[48;2;176;192;68m▀[38;2;164;180;56m[48;2;156;172;68m▀[38;2;156;176;88m[48;2;164;180;80m▀[38;2;176;196;100m[48;2;176;192;96m▀[38;2;164;176;92m[48;2;188;200;108m▀[38;2;156;168;64m[48;2;172;188;68m▀[38;2;192;208;108m[48;2;172;188;88m▀[38;2;216;216;136m[48;2;204;212;124m▀[38;2;216;212;132m[48;2;236;228;148m▀[38;2;232;232;164m[48;2;255;244;176m▀[38;2;232;224;148m[48;2;240;224;144m▀[38;2;228;228;148m[48;2;240;220;156m▀[38;2;188;164;120m[48;2;220;192;156m▀[38;2;156;124;96m[48;2;212;172;144m▀[38;2;160;124;96m[48;2;152;112;96m▀[38;2;96;64;44m[48;2;84;48;32m▀[38;2;64;36;24m[48;2;128;84;88m▀[38;2;84;56;36m[48;2;132;100;76m▀[38;2;88;64;40m[48;2;140;100;92m▀[38;2;100;72;52m[48;2;136;100;76m▀[38;2;120;84;72m[48;2;132;112;68m▀[38;2;148;108;104m[48;2;140;120;80m▀[38;2;164;124;124m[48;2;152;124;92m▀[38;2;168;132;128m[48;2;168;136;124m▀[38;2;168;136;132m[48;2;160;128;120m▀[38;2;168;132;132m[48;2;164;132;116m▀[38;2;164;124;124m[48;2;168;136;128m▀[38;2;156;116;116m[48;2;168;128;128m▀[38;2;160;116;112m[48;2;172;132;132m▀[38;2;164;116;112m[48;2;172;132;128m▀[38;2;160;116;112m[48;2;168;124;124m▀[48;2;164;120;116m▀[38;2;152;108;100m▀[38;2;144;100;88m[48;2;160;116;108m▀[38;2;128;84;72m[48;2;152;104;96m▀[38;2;104;64;48m[48;2;132;84;72m▀[38;2;72;44;32m[48;2;96;60;44m▀[38;2;56;28;12m[48;2;72;36;20m▀[38;2;76;56;32m[48;2;64;40;24m▀[38;2;104;80;60m[48;2;72;48;24m▀[38;2;92;76;56m[48;2;72;48;32m▀[48;2;80;60;40m▀[38;2;104;80;60m[48;2;72;52;32m▀[38;2;112;92;68m[48;2;84;64;36m▀[38;2;108;80;56m[48;2;76;56;36m▀[38;2;128;100;68m[48;2;80;60;32m▀[38;2;148;124;88m[48;2;128;100;72m▀[0m
[38;2;164;176;108m[48;2;160;168;80m▀[38;2;156;168;88m[48;2;144;156;76m▀[38;2;168;184;76m[48;2;172;184;72m▀[38;2;180;192;76m[48;2;168;180;56m▀[38;2;156;168;68m[48;2;148;160;52m▀[38;2;136;152;60m[48;2;156;164;76m▀[38;2;152;164;64m[48;2;156;168;76m▀[38;2;164;172;80m[48;2;152;156;68m▀[38;2;128;120;88m[48;2;116;104;80m▀[38;2;96;84;72m[48;2;80;68;52m▀[38;2;76;56;48m[48;2;76;56;40m▀[38;2;80;60;48m[48;2;84;60;44m▀[38;2;88;64;48m[48;2;76;48;36m▀[38;2;84;60;48m[48;2;84;56;40m▀[38;2;76;44;32m[48;2;80;48;32m▀[38;2;84;52;36m[48;2;76;44;32m▀[38;2;100;64;48m[48;2;64;28;20m▀[38;2;100;68;56m[48;2;60;28;20m▀[38;2;92;60;52m[48;2;68;36;28m▀[38;2;100;64;48m[48;2;68;32;24m▀[38;2;88;56;36m[48;2;76;44;28m▀[38;2;96;68;48m[48;2;84;52;36m▀[38;2;112;84;64m[48;2;116;84;64m▀[38;2;184;156;132m[48;2;176;144;124m▀[38;2;240;216;188m[48;2;216;192;168m▀[38;2;248;236;212m[48;2;224;200;180m▀[38;2;184;196;144m[48;2;200;196;156m▀[38;2;168;184;88m[48;2;184;196;100m▀[38;2;188;200;84m[48;2;168;184;76m▀[38;2;152;168;76m[48;2;148;168;68m▀[38;2;160;180;72m[48;2;160;176;76m▀[38;2;176;188;92m[48;2;160;180;80m▀[38;2;184;192;104m[48;2;164;180;56m▀[38;2;164;180;64m[48;2;168;184;44m▀[38;2;148;164;56m[48;2;152;172;84m▀[38;2;156;176;72m[48;2;136;160;88m▀[38;2;172;192;76m[48;2;180;200;68m▀[38;2;176;192;76m[48;2;176;192;64m▀[38;2;184;200;92m[48;2;172;192;88m▀[38;2;172;188;96m[48;2;168;180;92m▀[38;2;224;220;140m[48;2;240;216;148m▀[38;2;252;248;168m[48;2;252;236;180m▀[38;2;252;252;208m[48;2;255;244;208m▀[38;2;255;252;208m[48;2;252;240;196m▀[38;2;248;220;180m[48;2;244;208;192m▀[38;2;212;172;148m[48;2;236;220;212m▀[38;2;228;196;192m[48;2;255;255;255m▀[38;2;168;124;104m[48;2;140;92;68m▀[38;2;92;48;36m[48;2;92;48;48m▀[38;2;132;72;88m[48;2;124;80;64m▀[38;2;128;96;72m[48;2;128;108;48m▀[38;2;124;72;80m[48;2;120;92;60m▀[38;2;100;64;56m[48;2;92;72;32m▀[38;2;116;108;60m[48;2;120;104;48m▀[38;2;132;120;44m[48;2;152;108;88m▀[38;2;144;108;56m[48;2;128;52;84m▀[38;2;168;96;132m[48;2;148;88;108m▀[38;2;136;100;84m[48;2;104;72;32m▀[38;2;112;100;44m[48;2;100;84;36m▀[38;2;128;108;64m[48;2;104;88;44m▀[38;2;128;100;64m[48;2;88;76;16m▀[38;2;132;100;80m[48;2;116;80;44m▀[38;2;144;104;96m[48;2;172;92;132m▀[38;2;164;120;100m[48;2;112;64;64m▀[38;2;164;120;104m[48;2;116;100;44m▀[38;2;164;120;112m[48;2;128;104;52m▀[38;2;168;124;120m[48;2;128;96;56m▀[38;2;168;120;116m[48;2;140;100;80m▀[38;2;152;108;100m[48;2;148;112;88m▀[38;2;124;84;68m[48;2;136;96;76m▀[38;2;88;52;36m[48;2;108;64;52m▀[38;2;72;40;28m[48;2;80;48;32m▀[38;2;64;40;16m[48;2;52;24;8m▀[38;2;64;40;20m[48;2;52;24;12m▀[38;2;68;44;24m[48;2;52;32;8m▀[38;2;88;60;40m[48;2;64;40;20m▀[38;2;60;40;16m[48;2;64;44;24m▀[38;2;68;56;32m[48;2;64;40;20m▀[38;2;84;64;44m[48;2;76;60;32m▀[38;2;104;80;52m[48;2;92;72;48m▀[0m
[38;2;148;164;68m[48;2;136;152;68m▀[38;2;148;164;60m[48;2;152;164;72m▀[38;2;184;188;72m[48;2;176;180;80m▀[38;2;156;168;72m[48;2;148;164;76m▀[38;2;172;180;88m[48;2;168;172;84m▀[38;2;164;172;84m[48;2;148;156;72m▀[38;2;164;176;76m[48;2;172;180;80m▀[38;2;140;140;72m[48;2;124;128;56m▀[38;2;100;88;64m[48;2;72;64;36m▀[38;2;84;68;44m[48;2;80;60;36m▀[38;2;76;56;32m[48;2;64;44;24m▀[38;2;72;48;28m[48;2;76;48;28m▀[38;2;68;40;24m[48;2;88;48;32m▀[38;2;76;40;28m[48;2;92;48;36m▀[38;2;72;36;24m[48;2;92;44;32m▀[38;2;68;32;20m[48;2;92;48;36m▀[38;2;76;36;28m[48;2;112;64;52m▀[38;2;76;40;28m[48;2;116;68;56m▀[38;2;68;32;20m[48;2;108;60;48m▀[38;2;68;32;24m[48;2;96;56;40m▀[38;2;72;40;24m[48;2;100;60;44m▀[38;2;84;48;28m[48;2;112;68;52m▀[38;2;112;76;60m[48;2;124;84;64m▀[38;2;124;92;72m[48;2;120;88;68m▀[38;2;160;128;108m[48;2;132;104;84m▀[38;2;220;196;172m[48;2;168;136;120m▀[38;2;228;216;188m[48;2;212;200;176m▀[38;2;172;184;88m[48;2;172;184;92m▀[38;2;160;168;64m[48;2;168;184;88m▀[38;2;144;164;72m[48;2;168;188;84m▀[38;2;140;160;64m[48;2;144;160;68m▀[38;2;160;176;76m[48;2;156;176;84m▀[38;2;184;200;76m[48;2;172;188;72m▀[38;2;176;196;64m[48;2;168;184;68m▀[38;2;156;172;56m[48;2;164;180;92m▀[38;2;136;152;72m[48;2;152;172;88m▀[38;2;160;184;88m[48;2;148;172;68m▀[38;2;176;192;56m[48;2;180;196;68m▀[38;2;148;168;68m[48;2;156;172;76m▀[38;2;160;172;80m[48;2;168;184;88m▀[38;2;228;204;168m[48;2;212;180;128m▀[38;2;244;224;180m[48;2;160;112;76m▀[38;2;236;204;160m[48;2;212;184;152m▀[38;2;252;232;188m[48;2;255;228;184m▀[38;2;255;255;244m[48;2;255;220;184m▀[38;2;255;255;252m[48;2;224;168;132m▀[38;2;208;160;128m[48;2;152;88;56m▀[38;2;108;60;28m[48;2;144;100;72m▀[38;2;104;68;56m[48;2;124;92;64m▀[38;2;116;80;52m▀[38;2;148;136;76m[48;2;140;112;80m▀[38;2;124;116;52m[48;2;132;104;68m▀[38;2;84;72;20m[48;2;128;104;72m▀[38;2;128;120;68m[48;2;128;108;68m▀[38;2;140;96;88m[48;2;104;80;44m▀[38;2;100;32;56m[48;2;100;72;40m▀[38;2;152;80;108m[48;2;152;96;92m▀[38;2;136;84;96m[48;2;128;84;68m▀[38;2;100;84;36m[48;2;100;84;36m▀[38;2;112;92;40m[48;2;96;76;28m▀[38;2;116;80;36m[48;2;124;68;76m▀[38;2;140;72;76m[48;2;164;76;120m▀[38;2;140;60;96m[48;2;124;76;68m▀[38;2;104;56;48m[48;2;108;88;36m▀[38;2;108;96;40m[48;2;112;88;32m▀[38;2;100;80;32m[48;2;104;84;32m▀[38;2;112;56;60m[48;2;100;48;32m▀[38;2;148;76;96m[48;2;104;24;52m▀[38;2;124;80;72m[48;2;132;52;84m▀[38;2;140;108;76m[48;2;152;88;104m▀[38;2;116;88;44m[48;2;108;80;36m▀[38;2;92;60;24m[48;2;124;68;68m▀[38;2;52;28;8m[48;2;80;48;28m▀[38;2;48;28;8m[48;2;44;24;0m▀[38;2;56;36;12m[48;2;56;32;8m▀[38;2;60;44;20m[48;2;56;36;16m▀[38;2;68;52;28m[48;2;60;36;16m▀[38;2;92;72;48m[48;2;72;48;28m▀[38;2;140;108;88m[48;2;84;60;40m▀[38;2;136;108;88m[48;2;92;64;44m▀[0m
[38;2;136;144;60m[48;2;156;168;84m▀[38;2;156;164;76m[48;2;172;180;68m▀[38;2;168;176;84m[48;2;172;184;56m▀[38;2;144;160;60m[48;2;140;156;56m▀[38;2;160;172;56m[48;2;156;172;52m▀[38;2;156;164;88m[48;2;140;152;48m▀[38;2;168;184;88m[48;2;152;168;60m▀[38;2;132;132;48m[48;2;148;152;44m▀[38;2;56;44;16m[48;2;48;44;12m▀[38;2;68;48;24m[48;2;60;40;16m▀[38;2;68;44;24m[48;2;76;48;28m▀[38;2;80;48;28m[48;2;96;68;48m▀[38;2;116;72;52m[48;2;136;96;76m▀[38;2;136;88;68m[48;2;152;104;84m▀[38;2;132;84;68m[48;2;148;100;84m▀[48;2;144;96;80m▀[38;2;136;88;72m[48;2;136;88;76m▀[38;2;132;84;68m[48;2;132;84;72m▀[38;2;128;80;64m[48;2;128;84;72m▀[38;2;124;80;64m[48;2;124;84;72m▀[38;2;128;84;68m[48;2;128;88;76m▀[38;2;132;92;76m[48;2;136;96;80m▀[38;2;140;100;84m[48;2;140;104;88m▀[38;2;164;132;120m[48;2;168;132;124m▀[38;2;156;128;116m[48;2;172;136;120m▀[38;2;140;112;96m[48;2;152;120;108m▀[38;2;176;160;128m[48;2;168;148;116m▀[38;2;140;156;88m[48;2;152;160;72m▀[38;2;140;156;72m[48;2;140;156;80m▀[38;2;156;172;64m[48;2;156;176;72m▀[38;2;124;148;72m[48;2;140;160;60m▀[38;2;156;176;88m[48;2;148;168;76m▀[38;2;164;180;60m[48;2;188;200;96m▀[38;2;156;176;64m[48;2;144;164;72m▀[38;2;156;176;88m[48;2;140;164;72m▀[38;2;152;172;84m[48;2;168;188;80m▀[38;2;156;176;76m[48;2;156;172;56m▀[38;2;164;180;80m[48;2;164;180;76m▀[38;2;168;184;72m[48;2;188;200;96m▀[38;2;180;192;68m[48;2;184;196;104m▀[38;2;108;68;24m[48;2;116;92;60m▀[38;2;176;136;88m[48;2;156;112;76m▀[38;2;228;180;124m[48;2;164;112;76m▀[38;2;196;136;96m[48;2;168;112;72m▀[38;2;184;124;88m[48;2;152;104;72m▀[38;2;160;100;72m[48;2;148;96;68m▀[38;2;148;96;68m[48;2;148;88;56m▀[38;2;120;80;56m[48;2;112;68;44m▀[38;2;152;120;100m[48;2;176;128;108m▀[38;2;184;144;128m[48;2;184;136;120m▀[38;2;180;132;124m[48;2;184;136;124m▀[38;2;192;148;136m[48;2;196;152;144m▀[38;2;188;144;136m[48;2;192;148;144m▀[38;2;180;136;128m[48;2;184;140;132m▀[38;2;172;132;124m[48;2;180;136;128m▀[38;2;160;124;108m▀[38;2;148;112;92m[48;2;180;132;132m▀[38;2;144;112;84m▀[38;2;144;108;76m[48;2;180;132;128m▀[38;2;124;96;56m▀[38;2;124;84;64m[48;2;168;120;116m▀[38;2;120;68;68m[48;2;152;108;92m▀[38;2;108;84;40m[48;2;144;100;80m▀[38;2;112;96;40m[48;2;132;96;68m▀[38;2;108;92;44m[48;2;124;92;56m▀[38;2;116;100;36m[48;2;120;88;36m▀[38;2;112;68;12m[48;2;112;72;12m▀[38;2;152;68;96m[48;2;116;56;52m▀[38;2;116;40;64m[48;2;88;52;24m▀[38;2;100;64;28m[48;2;100;88;28m▀[38;2;96;68;20m[48;2;116;96;36m▀[38;2;120;56;72m[48;2;96;64;16m▀[38;2;100;64;40m[48;2;84;60;4m▀[38;2;60;36;4m[48;2;68;40;0m▀[38;2;60;36;12m[48;2;56;20;0m▀[38;2;60;32;16m[48;2;60;36;20m▀[38;2;52;28;12m[48;2;60;36;24m▀[38;2;68;48;24m[48;2;52;24;8m▀[38;2;72;52;28m[48;2;60;36;12m▀[38;2;88;64;32m[48;2;76;52;16m▀[0m
[38;2;184;192;100m[48;2;160;176;76m▀[38;2;192;204;100m[48;2;184;196;96m▀[38;2;156;168;68m[48;2;152;168;92m▀[38;2;144;160;72m[48;2;156;168;88m▀[38;2;168;176;72m[48;2;172;184;92m▀[38;2;168;176;88m[48;2;160;172;88m▀[38;2;160;168;80m[48;2;156;164;84m▀[38;2;140;148;52m[48;2;144;152;64m▀[38;2;60;56;12m[48;2;64;60;8m▀[38;2;52;36;12m[48;2;40;28;0m▀[38;2;72;44;24m[48;2;60;36;12m▀[38;2;100;68;48m[48;2;96;60;40m▀[38;2;132;92;68m[48;2;132;84;64m▀[38;2;144;96;76m[48;2;140;92;76m▀[38;2;140;92;80m[48;2;148;100;84m▀[38;2;144;96;80m▀[38;2;140;92;80m[48;2;144;92;80m▀[38;2;132;84;72m[48;2;136;88;72m▀[38;2;128;84;68m[48;2;128;80;68m▀[48;2;124;76;64m▀[38;2;132;88;76m[48;2;132;88;72m▀[38;2;136;96;84m[48;2;132;92;76m▀[38;2;144;104;92m[48;2;136;100;84m▀[38;2;200;164;152m[48;2;212;180;168m▀[38;2;172;136;120m[48;2;228;204;192m▀[38;2;144;108;96m[48;2;164;132;116m▀[38;2;184;172;136m[48;2;212;184;160m▀[38;2;152;164;64m[48;2;160;160;80m▀[38;2;160;172;80m[48;2;168;184;88m▀[38;2;164;180;76m[48;2;156;172;72m▀[38;2;140;160;60m[48;2;152;172;80m▀[38;2;144;160;84m[48;2;148;172;104m▀[38;2;160;180;92m[48;2;140;160;68m▀[38;2;140;156;52m[48;2;144;164;72m▀[38;2;152;168;96m[48;2;144;164;88m▀[38;2;160;180;68m[48;2;148;160;56m▀[38;2;148;164;56m[48;2;144;160;84m▀[38;2;156;180;88m[48;2;148;172;76m▀[38;2;172;188;88m[48;2;172;188;44m▀[38;2;176;180;80m[48;2;148;156;52m▀[38;2;172;124;64m[48;2;100;72;52m▀[38;2;132;96;60m[48;2;148;100;60m▀[38;2;164;112;72m[48;2;180;116;72m▀[38;2;172;112;76m[48;2;184;124;88m▀[38;2;176;124;88m[48;2;200;128;84m▀[38;2;176;108;76m[48;2;140;72;40m▀[38;2;120;60;32m[48;2;80;32;12m▀[38;2;120;72;48m[48;2;140;92;68m▀[38;2;192;136;120m[48;2;184;124;104m▀[38;2;184;132;116m[48;2;180;128;108m▀[38;2;196;148;136m[48;2;156;116;104m▀[38;2;204;160;152m[48;2;132;96;88m▀[38;2;196;152;148m[48;2;132;96;84m▀[38;2;184;140;132m[48;2;136;96;88m▀[38;2;184;140;128m[48;2;148;108;96m▀[38;2;180;132;124m[48;2;164;116;108m▀[38;2;180;128;120m[48;2;180;128;116m▀[38;2;184;136;124m[48;2;184;132;120m▀▀[38;2;188;136;128m[48;2;184;132;124m▀[48;2;184;132;120m▀[38;2;188;132;124m[48;2;184;132;116m▀[38;2;184;132;120m[48;2;180;128;116m▀[38;2;180;128;120m[48;2;176;124;112m▀[38;2;176;120;112m[48;2;176;120;104m▀[38;2;168;112;100m[48;2;176;120;108m▀[38;2;160;108;88m[48;2;180;120;112m▀[38;2;148;100;68m[48;2;184;128;116m▀[38;2;136;104;52m[48;2;180;124;112m▀[38;2;124;92;36m[48;2;164;116;96m▀[38;2;112;92;28m[48;2;136;92;64m▀[38;2;112;92;20m[48;2;104;68;24m▀[38;2;92;64;0m[48;2;80;52;4m▀[38;2;68;40;0m[48;2;76;52;0m▀[38;2;64;24;12m[48;2;96;48;32m▀[38;2;52;16;4m[48;2;64;24;8m▀[38;2;48;24;12m[48;2;52;28;8m▀[38;2;56;28;20m[48;2;60;36;16m▀[38;2;60;32;12m[48;2;60;36;8m▀[38;2;56;28;4m[48;2;56;24;0m▀[0m
[38;2;144;164;68m[48;2;152;168;72m▀[38;2;180;192;84m[48;2;160;176;76m▀[38;2;180;196;96m[48;2;152;168;76m▀[38;2;168;184;92m[48;2;156;172;80m▀[38;2;140;156;64m[48;2;156;168;72m▀[38;2;148;160;72m[48;2;156;168;68m▀[38;2;144;152;72m[48;2;128;140;52m▀[38;2;144;160;76m[48;2;128;140;60m▀[38;2;92;88;44m[48;2;136;96;64m▀[38;2;48;32;16m[48;2;104;60;48m▀[38;2;68;44;20m[48;2;88;60;40m▀[38;2;112;72;48m[48;2;120;80;56m▀[38;2;136;92;68m[48;2;132;88;68m▀[38;2;136;88;72m[48;2;112;68;52m▀[38;2;128;80;68m[48;2;96;52;36m▀[38;2;112;68;56m[48;2;60;24;16m▀[38;2;108;64;52m[48;2;36;4;4m▀[38;2;92;48;40m[48;2;48;12;4m▀[38;2;100;56;40m[48;2;92;48;32m▀[38;2;120;72;48m[48;2;116;68;44m▀[38;2;92;48;32m[48;2;68;28;12m▀[38;2;72;40;32m[48;2;68;28;24m▀[38;2;72;44;36m[48;2;72;36;32m▀[38;2;88;56;40m[48;2;72;40;32m▀[38;2;180;152;136m[48;2;156;128;120m▀[38;2;212;180;172m[48;2;224;196;188m▀[38;2;184;124;108m[48;2;204;148;128m▀[38;2;172;168;96m[48;2;168;172;84m▀[38;2;140;156;76m[48;2;136;156;72m▀[38;2;140;160;68m[48;2;148;168;76m▀[38;2;152;168;84m[48;2;168;180;108m▀[38;2;160;184;92m[48;2;188;200;132m▀[38;2;152;168;72m[48;2;144;160;76m▀[38;2;144;160;72m[48;2;128;152;68m▀[38;2;156;176;80m[48;2;140;164;84m▀[38;2;184;200;76m[48;2;176;196;84m▀[38;2;164;184;52m[48;2;168;192;56m▀[38;2;152;176;68m[48;2;144;168;64m▀[38;2;184;196;72m[48;2;192;208;84m▀[38;2;156;168;48m[48;2;176;188;92m▀[38;2;124;92;48m[48;2;144;100;52m▀[38;2;136;92;64m[48;2;136;88;64m▀[38;2;168;104;72m[48;2;136;80;56m▀[38;2;168;100;68m[48;2;128;64;28m▀[38;2;152;80;44m[48;2;124;64;28m▀[38;2;88;32;12m[48;2;72;28;8m▀[38;2;76;36;20m[48;2;84;44;28m▀[38;2;160;108;92m[48;2;172;116;100m▀[38;2;180;120;104m[48;2;176;120;108m▀[38;2;156;104;88m[48;2;168;116;100m▀[38;2;136;96;80m[48;2;164;112;96m▀[38;2;116;80;68m[48;2;152;104;88m▀[38;2;92;56;48m[48;2;140;92;80m▀[38;2;76;44;36m[48;2;124;80;64m▀[38;2;72;36;32m[48;2;116;72;60m▀[38;2;84;48;40m[48;2;104;60;48m▀[38;2;120;76;64m[48;2;84;44;32m▀[38;2;160;108;96m[48;2;100;60;44m▀[38;2;176;120;108m[48;2;148;100;84m▀[38;2;176;124;112m[48;2;172;120;104m▀[38;2;180;124;116m[48;2;172;116;104m▀[48;2;172;120;108m▀[38;2;180;128;112m[48;2;172;120;104m▀[38;2;176;124;108m[48;2;168;112;100m▀[48;2;160;108;92m▀[38;2;180;120;108m[48;2;152;100;84m▀[38;2;180;124;112m[48;2;156;104;88m▀[38;2;184;128;112m[48;2;156;108;92m▀[38;2;176;124;108m[48;2;168;120;104m▀[38;2;172;120;104m[48;2;176;128;112m▀[38;2;168;116;104m▀[38;2;140;88;72m[48;2;148;100;80m▀[38;2;92;48;24m[48;2;112;64;40m▀[38;2;80;40;8m[48;2;96;48;20m▀[38;2;72;36;8m[48;2;68;28;4m▀[38;2;60;28;4m[48;2;64;28;0m▀[38;2;68;36;4m[48;2;68;36;4m▀[38;2;60;32;4m[48;2;56;24;0m▀[38;2;48;20;0m[48;2;44;12;0m▀[38;2;56;24;0m[48;2;60;24;0m▀[0m
[38;2;140;152;64m[48;2;152;156;92m▀[38;2;152;168;80m[48;2;148;164;64m▀[38;2;144;160;76m[48;2;160;172;60m▀[38;2;140;156;72m[48;2;136;156;52m▀[38;2;164;172;80m[48;2;180;176;112m▀[38;2;168;180;80m[48;2;172;168;156m▀[38;2;124;144;64m[48;2;164;156;124m▀[38;2;144;148;72m[48;2;156;156;72m▀[38;2;140;92;60m[48;2;140;100;56m▀[38;2;140;84;68m[48;2;132;68;60m▀[38;2;88;56;32m[48;2;92;56;36m▀[38;2;116;80;56m[48;2;108;72;48m▀[38;2;140;92;72m[48;2;148;96;80m▀[38;2;120;72;56m[48;2;144;88;80m▀[38;2;88;44;32m[48;2;128;76;64m▀[38;2;72;32;28m[48;2;120;68;56m▀[38;2;72;32;24m▀[38;2;80;36;24m[48;2;124;72;60m▀[38;2;116;68;52m[48;2;144;92;76m▀[38;2;132;84;76m[48;2;148;96;88m▀[38;2;96;56;44m[48;2;136;100;92m▀[48;2;124;80;68m▀[38;2;108;64;56m[48;2;132;84;76m▀[38;2;124;76;72m[48;2;140;88;84m▀[38;2;220;184;176m[48;2;180;132;124m▀[38;2;216;184;176m[48;2;220;176;164m▀[38;2;184;116;108m[48;2;192;156;136m▀[38;2;148;152;76m[48;2;160;164;92m▀[38;2;140;156;68m[48;2;156;168;84m▀[38;2;160;176;76m[48;2;152;168;56m▀[38;2;136;156;64m[48;2;160;176;72m▀[38;2;160;172;92m[48;2;144;168;92m▀[38;2;136;152;72m[48;2;128;152;72m▀[38;2;128;148;80m[48;2;136;156;72m▀[38;2;128;152;72m[48;2;156;176;72m▀[38;2;168;188;60m[48;2;152;172;52m▀[38;2;176;192;60m[48;2;156;172;72m▀[38;2;152;172;68m[48;2;144;160;72m▀[38;2;180;196;72m[48;2;152;172;76m▀[38;2;164;172;80m[48;2;140;152;76m▀[38;2;72;44;20m[48;2;140;104;52m▀[38;2;92;56;32m[48;2;144;100;60m▀[38;2;108;60;32m[48;2;96;48;24m▀[38;2;104;48;16m[48;2;92;44;16m▀[48;2;92;44;12m▀[38;2;56;12;0m[48;2;80;32;12m▀[38;2;96;56;44m[48;2;116;72;60m▀[38;2;176;120;100m[48;2;192;136;124m▀[38;2;168;112;96m[48;2;172;120;100m▀[38;2;140;92;76m[48;2;140;92;80m▀[38;2;116;68;56m[48;2;96;56;48m▀[38;2;80;40;32m[48;2;60;28;24m▀[38;2;68;32;28m[48;2;48;24;16m▀[38;2;72;40;32m[48;2;40;20;16m▀[38;2;84;44;36m[48;2;60;36;32m▀[38;2;100;56;48m[48;2;76;44;40m▀[38;2;120;72;56m[48;2;92;44;40m▀[38;2;112;68;52m[48;2;120;72;64m▀[38;2;144;96;80m[48;2;144;96;84m▀[38;2;168;116;100m[48;2;168;120;104m▀[38;2;168;116;104m[48;2;172;120;104m▀[38;2;168;116;100m[48;2;164;112;96m▀[38;2;156;100;84m[48;2;144;92;68m▀[38;2;112;64;52m[48;2;108;60;40m▀[38;2;80;44;36m[48;2;100;52;40m▀[38;2;72;36;24m[48;2;100;56;40m▀[38;2;68;36;20m[48;2;108;60;44m▀[38;2;64;32;20m[48;2;116;68;52m▀[38;2;76;44;32m[48;2;120;76;56m▀[38;2;96;60;52m[48;2;124;80;60m▀[38;2;116;76;60m[48;2;128;84;64m▀[38;2;136;88;72m[48;2;112;68;48m▀[38;2;120;68;44m[48;2;104;56;32m▀[38;2;100;52;20m[48;2;112;60;32m▀[38;2;80;32;8m[48;2;84;36;12m▀[38;2;68;36;4m[48;2;72;32;4m▀[38;2;56;28;0m[48;2;60;28;0m▀[38;2;48;20;0m[48;2;48;20;0m▀[38;2;52;20;0m[48;2;44;16;0m▀[38;2;48;20;0m[48;2;48;20;0m▀[0m
[38;2;168;180;100m[48;2;152;172;80m▀[38;2;144;160;76m[48;2;136;156;68m▀[38;2;152;168;72m[48;2;152;168;68m▀[38;2;148;160;60m[48;2;156;168;72m▀[38;2;148;160;68m[48;2;132;152;60m▀[38;2;116;132;60m[48;2;124;140;60m▀[38;2;160;168;72m[48;2;152;164;60m▀[38;2;156;168;60m[48;2;164;156;92m▀[38;2;132;112;56m[48;2;176;140;136m▀[38;2;132;68;64m[48;2;148;104;80m▀[38;2;124;76;60m[48;2;140;84;68m▀[38;2;116;76;44m[48;2;128;80;56m▀[38;2;140;92;68m[48;2;136;88;60m▀[38;2;148;92;80m[48;2;140;84;68m▀[38;2;148;88;80m[48;2;152;84;76m▀[38;2;144;88;80m[48;2;152;88;80m▀[48;2;140;80;72m▀[38;2;144;88;76m[48;2;128;76;64m▀[48;2;136;84;72m▀[38;2;148;96;92m[48;2;140;88;76m▀[38;2;164;128;128m[48;2;144;100;88m▀[38;2;128;92;80m[48;2;124;84;72m▀[38;2;128;76;64m[48;2;116;64;52m▀[38;2;140;88;76m[48;2;136;80;68m▀[38;2;152;108;92m[48;2;152;108;96m▀[38;2;176;124;120m[48;2;164;132;96m▀[38;2;204;184;144m[48;2;160;160;96m▀[38;2;184;188;72m[48;2;148;160;96m▀[38;2;164;172;80m[48;2;152;168;84m▀[38;2;148;168;64m[48;2;160;180;88m▀[38;2;156;176;72m[48;2;180;196;96m▀[38;2;132;156;92m[48;2;156;176;112m▀[38;2;128;152;88m[48;2;140;156;88m▀[38;2;144;164;68m[48;2;156;172;72m▀[38;2;144;160;56m[48;2;140;160;60m▀[38;2;132;148;64m[48;2;136;156;68m▀[38;2;156;168;80m[48;2;172;184;68m▀[38;2;160;172;52m[48;2;156;168;56m▀[38;2;152;168;72m[48;2;152;172;88m▀[38;2;164;188;156m[48;2;140;160;120m▀[38;2;112;80;44m[48;2;72;36;12m▀[38;2;96;60;32m[48;2;48;20;8m▀[38;2;120;72;32m[48;2;120;76;24m▀[38;2;80;28;4m[48;2;68;20;0m▀[38;2;88;32;4m[48;2;64;12;0m▀[38;2;80;28;4m[48;2;76;20;0m▀[38;2;128;80;68m[48;2;140;88;72m▀[38;2;240;184;168m[48;2;244;180;168m▀[38;2;200;144;128m[48;2;216;152;144m▀[38;2;172;116;108m[48;2;184;128;124m▀[38;2;152;104;92m[48;2;172;116;112m▀[38;2;120;80;68m[48;2;148;100;88m▀[38;2;96;60;52m[48;2;132;88;76m▀[38;2;68;36;32m[48;2;120;76;68m▀[38;2;100;72;64m[48;2;104;60;56m▀[38;2;92;64;64m[48;2;96;52;48m▀[38;2;76;32;28m[48;2;100;60;56m▀[38;2;108;64;56m[48;2;124;84;72m▀[38;2;148;100;84m[48;2;156;108;96m▀[38;2;176;124;112m[48;2;176;124;120m▀[48;2;176;120;112m▀[38;2;164;104;92m[48;2;164;104;92m▀[38;2;132;76;60m[48;2;128;76;60m▀[38;2;108;56;48m[48;2;80;36;24m▀[38;2;92;44;36m[48;2;60;16;16m▀[38;2;88;40;28m[48;2;52;16;16m▀[38;2;84;40;36m[48;2;44;16;12m▀[38;2;92;48;40m[48;2;52;24;16m▀[38;2;120;76;56m[48;2;56;32;24m▀[38;2;152;100;80m[48;2;72;40;24m▀[38;2;168;108;88m[48;2;116;68;48m▀[38;2;152;96;72m[48;2;132;80;52m▀[38;2;112;64;36m[48;2;124;80;44m▀[38;2;116;72;40m[48;2;120;76;40m▀[38;2;100;52;24m[48;2;124;72;44m▀[38;2;76;32;4m[48;2;84;40;16m▀[38;2;72;36;4m[48;2;64;28;4m▀[38;2;56;24;0m[48;2;68;32;4m▀[38;2;44;16;4m[48;2;64;28;4m▀[38;2;64;32;4m[48;2;36;8;0m▀[0m
[38;2;152;164;68m[48;2;144;164;60m▀[38;2;140;160;64m[48;2;156;172;72m▀[38;2;160;176;52m[48;2;184;192;60m▀[38;2;176;188;72m[48;2;172;180;48m▀[38;2;144;160;72m[48;2;148;164;60m▀[38;2;152;164;80m[48;2;128;140;60m▀[38;2;168;180;56m[48;2;168;176;68m▀[38;2;132;136;52m[48;2;164;172;60m▀[38;2;136;136;68m[48;2;156;164;36m▀[38;2;108;88;40m[48;2;92;84;24m▀[38;2;144;88;64m[48;2;136;136;52m▀[38;2;128;72;52m[48;2;128;120;44m▀[38;2;128;84;56m[48;2;128;92;52m▀[38;2;140;80;60m[48;2;140;80;64m▀[38;2;144;84;68m[48;2;144;88;72m▀[38;2;144;80;68m[48;2;140;80;64m▀[38;2;128;72;60m[48;2;132;80;60m▀[38;2;124;72;60m[48;2;136;92;72m▀[38;2;116;64;48m[48;2;136;92;76m▀[38;2;112;64;44m[48;2;124;76;64m▀[38;2;104;56;44m[48;2;116;64;56m▀[38;2;112;76;64m[48;2;120;72;64m▀[38;2;124;84;68m[48;2;116;72;60m▀[38;2;132;84;68m[48;2;132;88;72m▀[38;2;188;140;120m[48;2;200;148;128m▀[38;2;180;168;100m[48;2;176;164;100m▀[38;2;160;164;88m[48;2;160;164;76m▀[38;2;144;156;88m[48;2;152;156;84m▀[38;2;136;156;60m[48;2;144;164;88m▀[38;2;156;176;52m[48;2;148;168;60m▀[38;2;148;168;76m[48;2;160;180;60m▀[38;2;156;172;64m[48;2;176;192;64m▀[38;2;128;148;92m[48;2;148;160;96m▀[38;2;136;156;92m[48;2;140;156;76m▀[38;2;160;176;68m[48;2;132;152;96m▀[38;2;144;156;56m[48;2;132;144;76m▀[38;2;160;168;60m[48;2;164;172;68m▀[38;2;172;188;64m[48;2;164;172;76m▀[38;2;164;176;60m[48;2;164;172;56m▀[38;2;148;160;60m[48;2;160;168;68m▀[38;2;120;84;28m[48;2;132;92;28m▀[38;2;128;80;36m[48;2;72;28;4m▀[38;2;88;44;20m[48;2;72;36;16m▀[38;2;72;28;4m[48;2;96;48;16m▀[38;2;52;8;0m[48;2;52;8;0m▀[38;2;56;8;0m[48;2;60;12;0m▀[38;2;132;80;64m[48;2;128;80;60m▀[38;2;216;152;136m[48;2;200;140;124m▀[38;2;208;144;132m[48;2;204;148;136m▀[38;2;200;144;140m[48;2;204;148;148m▀[38;2;184;132;132m[48;2;192;132;140m▀[38;2;168;116;112m[48;2;184;124;132m▀[38;2;152;104;96m[48;2;172;116;116m▀[38;2;136;88;80m[48;2;164;112;112m▀[38;2;128;84;76m▀[38;2;132;88;84m[48;2;168;116;116m▀[38;2;140;100;92m[48;2;164;116;108m▀[38;2;148;108;92m[48;2;168;120;112m▀[38;2;168;120;112m[48;2;176;128;120m▀[38;2;172;120;120m[48;2;176;128;124m▀[38;2;172;120;112m[48;2;172;124;112m▀[38;2;164;100;92m[48;2;168;108;96m▀[38;2;140;92;76m[48;2;160;104;92m▀[38;2;104;60;44m[48;2;152;104;84m▀[38;2;92;52;48m[48;2;132;84;76m▀[38;2;96;52;48m[48;2;124;72;64m▀[38;2;76;40;28m[48;2;128;76;64m▀[38;2;100;64;48m[48;2;132;80;60m▀[38;2;92;60;56m[48;2;132;84;64m▀[38;2;64;28;16m[48;2;128;84;60m▀[38;2;80;44;24m[48;2;128;80;64m▀[38;2;116;72;48m[48;2;136;88;68m▀[38;2;124;76;44m[48;2;136;84;60m▀[38;2;116;68;40m[48;2;116;64;44m▀[38;2;128;76;48m[48;2;124;68;48m▀[38;2;100;48;24m[48;2;84;28;8m▀[38;2;48;4;0m[48;2;56;8;0m▀[38;2;48;12;0m[48;2;56;12;0m▀[38;2;56;16;0m[48;2;84;40;4m▀[38;2;44;12;4m[48;2;84;36;4m▀[0m
[38;2;152;172;60m[48;2;168;184;60m▀[38;2;156;168;76m[48;2;164;180;68m▀[38;2;168;180;56m[48;2;172;188;48m▀[38;2;156;172;52m[48;2;140;152;56m▀[38;2;144;160;48m[48;2;156;172;64m▀[38;2;140;152;56m[48;2;156;168;80m▀[38;2;160;172;68m[48;2;156;172;72m▀[38;2;160;172;48m[48;2;172;180;60m▀[38;2;148;160;52m[48;2;168;172;56m▀[38;2;112;104;32m[48;2;112;116;44m▀[38;2;132;132;64m[48;2;128;136;76m▀[38;2;152;160;60m[48;2;168;168;76m▀[38;2;128;104;44m[48;2;128;124;28m▀[38;2;140;80;68m[48;2;124;80;48m▀[38;2;144;88;68m[48;2;136;84;64m▀[38;2;136;80;64m[48;2;128;72;52m▀[38;2;112;64;40m[48;2;112;60;44m▀[38;2;112;56;44m[48;2;116;60;56m▀[38;2;116;44;48m[48;2;124;44;56m▀[38;2;104;32;40m[48;2;120;32;52m▀[38;2;100;28;40m[48;2;112;36;48m▀[38;2;104;44;52m[48;2;108;56;52m▀[38;2;104;60;48m[48;2;112;72;56m▀[38;2;124;76;56m[48;2;116;76;52m▀[38;2;192;148;128m[48;2;196;160;144m▀[38;2;184;156;136m[48;2;220;180;176m▀[38;2;168;164;100m[48;2;188;152;144m▀[38;2;160;172;80m[48;2;160;168;96m▀[38;2;136;152;68m[48;2;124;140;64m▀[38;2;164;184;68m[48;2;160;180;64m▀[38;2;168;184;52m[48;2;172;188;56m▀[38;2;160;172;64m[48;2;172;188;76m▀[38;2;144;156;60m[48;2;132;152;72m▀[38;2;140;160;72m[48;2;164;184;64m▀[38;2;140;160;84m[48;2;208;220;64m▀[38;2;152;172;60m[48;2;164;172;60m▀[38;2;176;180;68m[48;2;140;140;64m▀[38;2;156;164;68m[48;2;160;172;68m▀[38;2;172;180;60m[48;2;188;196;72m▀[38;2;156;160;56m[48;2;148;156;52m▀[38;2;92;56;20m[48;2;108;80;52m▀[38;2;68;28;12m[48;2;80;36;16m▀[38;2;84;40;20m[48;2;76;36;8m▀[38;2;80;40;12m[48;2;80;40;8m▀[38;2;76;28;4m[48;2;76;24;4m▀[38;2;60;12;4m[48;2;72;24;8m▀[38;2;136;84;68m[48;2;148;96;76m▀[38;2;212;160;144m[48;2;220;164;152m▀[38;2;224;172;160m[48;2;216;160;152m▀[38;2;196;140;140m[48;2;192;136;128m▀[38;2;192;132;136m[48;2;200;140;140m▀[38;2;192;128;136m[48;2;192;128;132m▀[38;2;176;120;124m[48;2;176;116;116m▀[38;2;172;112;116m[48;2;172;108;104m▀[38;2;172;116;116m[48;2;164;104;100m▀[38;2;172;120;116m[48;2;160;108;100m▀[38;2;172;124;116m[48;2;168;124;116m▀[38;2;176;132;124m[48;2;184;144;140m▀[38;2;180;136;132m[48;2;184;140;136m▀[38;2;184;132;128m[48;2;184;132;128m▀[38;2;172;120;108m[48;2;172;120;112m▀[38;2;164;112;100m[48;2;168;116;104m▀[38;2;172;116;104m[48;2;176;124;112m▀[38;2;168;116;100m[48;2;172;120;108m▀[38;2;160;108;96m[48;2;168;116;104m▀[38;2;148;100;92m[48;2;176;120;112m▀[38;2;148;92;80m[48;2;172;112;108m▀[48;2;164;108;100m▀[38;2;152;96;80m▀[38;2;156;100;84m[48;2;172;108;100m▀[38;2;160;104;88m[48;2;172;108;96m▀[38;2;160;104;84m[48;2;172;108;92m▀[38;2;148;88;72m[48;2;144;80;64m▀[38;2;108;60;40m[48;2;88;32;16m▀[38;2;92;36;20m[48;2;80;28;4m▀[38;2;76;28;0m[48;2;64;24;4m▀[38;2;60;20;0m[48;2;56;16;0m▀[38;2;76;28;4m[48;2;76;32;4m▀[38;2;56;24;4m[48;2;48;20;4m▀[38;2;60;28;4m[48;2;80;44;8m▀[0m
[38;2;156;168;72m[48;2;160;180;124m▀[38;2;180;196;80m[48;2;168;188;84m▀[38;2;172;192;48m[48;2;160;172;44m▀[38;2;136;148;56m[48;2;156;172;52m▀[38;2;148;164;64m[48;2;148;164;28m▀[38;2;152;164;60m[48;2;160;172;36m▀[38;2;156;168;64m[48;2;160;172;44m▀[38;2;156;164;60m[48;2;152;160;52m▀[38;2;160;160;60m[48;2;144;152;68m▀[38;2;112;120;52m[48;2;100;96;36m▀[38;2;136;144;80m[48;2;152;144;76m▀[38;2;148;152;56m[48;2;148;156;72m▀[38;2;168;152;88m[48;2;164;128;116m▀[38;2;132;88;72m[48;2;152;96;116m▀[38;2;124;76;48m[48;2;108;72;40m▀[38;2;128;76;52m[48;2;124;76;52m▀[38;2;132;80;64m[48;2;136;88;64m▀[38;2;128;80;60m[48;2;136;84;68m▀[38;2;112;56;40m[48;2;132;80;60m▀[38;2;100;40;32m[48;2;128;76;60m▀[38;2;100;44;32m▀[38;2;104;60;44m[48;2;124;76;64m▀[38;2;124;80;64m[48;2;116;80;60m▀[38;2;120;80;64m[48;2;100;64;48m▀[38;2;164;124;116m[48;2;96;60;48m▀[38;2;176;136;128m[48;2;80;48;44m▀[38;2;184;140;132m[48;2;96;72;64m▀[38;2;180;164;132m[48;2;160;128;124m▀[38;2;116;144;84m[48;2;172;160;124m▀[38;2;156;180;76m[48;2;152;172;72m▀[38;2;188;204;116m[48;2;172;184;72m▀[38;2;144;160;48m[48;2;144;160;56m▀[38;2;136;156;64m[48;2;136;152;32m▀[38;2;172;188;36m[48;2;128;148;12m▀[38;2;152;164;60m[48;2;132;148;44m▀[38;2;136;144;64m[48;2;148;156;56m▀[38;2;132;136;64m[48;2;128;132;72m▀[38;2;156;168;80m[48;2;156;176;68m▀[38;2;176;188;52m[48;2;172;184;52m▀[38;2;140;152;72m[48;2;128;140;52m▀[38;2;112;84;48m[48;2;92;60;16m▀[38;2;76;40;12m[48;2;84;48;16m▀[38;2;92;52;16m[48;2;96;52;16m▀[38;2;92;44;8m[48;2;92;40;8m▀[38;2;76;24;4m[48;2;84;24;4m▀[38;2;80;36;16m[48;2;100;48;28m▀[38;2;160;104;84m[48;2;164;112;92m▀[38;2;192;136;120m[48;2;184;124;108m▀[38;2;196;136;128m[48;2;188;124;112m▀[38;2;192;132;124m[48;2;180;120;112m▀[38;2;188;128;124m[48;2;176;112;104m▀[38;2;176;112;112m[48;2;164;100;92m▀[38;2;168;104;96m[48;2;144;80;72m▀[38;2;144;88;80m[48;2;124;68;56m▀[38;2;132;76;64m[48;2;148;96;84m▀[38;2;148;100;88m[48;2;172;128;116m▀[38;2;172;128;120m[48;2;188;148;140m▀[38;2;188;144;140m[48;2;184;140;132m▀[38;2;184;132;132m[48;2;176;124;124m▀[38;2;180;132;128m[48;2;184;128;120m▀[38;2;172;120;116m[48;2;176;124;116m▀[38;2;168;116;104m[48;2;160;112;104m▀[38;2;160;104;92m[48;2;156;104;96m▀[38;2;160;96;88m[48;2;128;72;60m▀[38;2;176;116;108m[48;2;148;92;84m▀[38;2;180;120;116m[48;2;176;120;112m▀[48;2;180;120;116m▀[38;2;180;116;116m[48;2;184;116;116m▀[38;2;176;116;112m[48;2;180;120;116m▀[38;2;180;116;112m[48;2;184;124;116m▀[38;2;180;116;104m[48;2;180;116;108m▀[38;2;168;108;92m[48;2;156;92;76m▀[38;2;128;64;48m[48;2;120;60;36m▀[38;2;80;24;8m[48;2;92;40;20m▀[38;2;80;32;8m[48;2;88;40;20m▀[38;2;52;16;0m[48;2;68;24;8m▀[38;2;56;12;0m[48;2;80;32;4m▀[38;2;96;48;4m[48;2;92;44;4m▀[38;2;100;52;4m[48;2;52;28;4m▀[38;2;104;60;8m[48;2;76;44;8m▀[0m
[38;2;136;160;84m[48;2;164;180;72m▀[38;2;164;184;80m[48;2;152;172;72m▀[38;2;152;164;48m[48;2;144;156;56m▀[38;2;156;172;52m[48;2;148;160;60m▀[38;2;148;160;32m[48;2;136;144;36m▀[38;2;148;160;44m[48;2;120;128;32m▀[38;2;160;168;40m[48;2;152;152;52m▀[38;2;140;148;40m[48;2;168;176;40m▀[38;2;136;148;52m[48;2;148;156;48m▀[38;2;100;96;36m[48;2;96;92;28m▀[38;2;144;144;64m[48;2;136;136;40m▀[38;2;184;188;84m[48;2;156;164;48m▀[38;2;120;128;52m[48;2;128;132;60m▀[38;2;120;128;60m[48;2;120;128;36m▀[38;2;112;80;44m[48;2;116;104;40m▀[38;2;108;64;40m[48;2;120;76;56m▀[38;2;108;64;36m[48;2;112;68;48m▀[38;2;128;76;56m[48;2;96;44;28m▀[38;2;136;84;64m[48;2;88;36;20m▀[38;2;124;68;52m[48;2;80;32;20m▀[38;2;112;56;36m[48;2;76;28;16m▀[38;2;100;52;36m[48;2;84;36;20m▀[38;2;92;48;36m[48;2;92;40;28m▀[38;2;88;48;36m[48;2;52;20;12m▀[38;2;48;20;16m[48;2;20;4;4m▀[38;2;28;12;8m[48;2;32;16;12m▀[38;2;88;64;60m[48;2;52;32;28m▀[38;2;132;100;92m[48;2;56;40;40m▀[38;2;172;136;128m[48;2;92;88;92m▀[38;2;160;160;140m[48;2;104;104;124m▀[38;2;192;208;188m[48;2;124;140;168m▀[38;2;228;236;220m[48;2;180;196;224m▀[38;2;196;204;152m[48;2;220;228;248m▀[38;2;128;144;76m[48;2;212;228;224m▀[38;2;100;128;28m[48;2;164;184;136m▀[38;2;136;152;52m[48;2;132;156;88m▀[38;2;152;160;76m[48;2;172;184;68m▀[38;2;160;172;76m[48;2;148;156;40m▀[38;2;168;184;68m[48;2;160;176;56m▀[38;2;148;160;52m[48;2;180;188;52m▀[38;2;92;60;20m[48;2;120;76;20m▀[38;2;100;64;20m[48;2;84;40;8m▀[38;2;84;40;8m[48;2;92;56;12m▀[38;2;92;44;8m[48;2;84;40;4m▀[38;2;88;32;8m[48;2;76;20;4m▀[38;2;112;60;32m[48;2;112;60;32m▀[38;2;176;120;100m[48;2;180;124;100m▀[38;2;176;116;96m[48;2;176;112;92m▀[38;2;176;112;100m[48;2;172;108;88m▀[38;2;168;108;96m[48;2;164;96;88m▀[38;2;160;96;88m[48;2;132;68;60m▀[38;2;140;76;68m[48;2;112;56;48m▀[38;2;116;60;48m[48;2;144;84;76m▀[38;2;144;92;80m[48;2;156;100;88m▀[38;2;160;112;96m[48;2;152;96;88m▀[38;2;152;104;88m[48;2;144;92;80m▀[38;2;148;96;84m[48;2;136;80;68m▀[38;2;160;108;92m[48;2;144;84;72m▀[38;2;168;108;96m[48;2;152;88;76m▀[38;2;172;112;100m▀[48;2;140;76;64m▀[38;2;164;108;96m[48;2;140;80;64m▀[38;2;164;108;100m[48;2;140;84;72m▀[38;2;124;76;60m[48;2;128;76;64m▀[38;2;120;68;56m[48;2;120;68;52m▀[38;2;156;96;88m[48;2;136;80;68m▀[38;2;176;116;104m[48;2;168;104;92m▀[38;2;180;116;108m[48;2;172;108;96m▀[38;2;184;120;112m[48;2;176;112;100m▀[38;2;188;124;120m[48;2;184;116;104m▀[38;2;176;112;104m[48;2;168;104;88m▀[38;2;144;84;64m[48;2;140;80;56m▀[38;2;120;64;40m[48;2;120;64;36m▀[38;2;112;56;32m[48;2;132;72;48m▀[38;2;96;48;24m[48;2;92;40;20m▀[38;2;92;48;20m[48;2;88;44;12m▀[38;2;84;40;8m[48;2;92;48;12m▀[38;2;56;24;4m[48;2;80;40;8m▀[38;2;80;44;8m[48;2;112;64;12m▀[38;2;104;64;8m[48;2;48;16;4m▀[0m
[38;2;140;152;44m[48;2;144;164;44m▀[38;2;132;148;52m[48;2;148;156;40m▀[38;2;140;156;56m[48;2;136;148;44m▀[38;2;144;156;44m[48;2;140;148;32m▀[38;2;140;148;32m[48;2;136;148;48m▀[38;2;124;132;28m[48;2;164;172;48m▀[38;2;144;152;52m[48;2;144;152;76m▀[38;2;148;160;76m[48;2;160;164;84m▀[38;2;136;148;56m[48;2;148;148;36m▀[38;2;96;92;24m[48;2;96;84;16m▀[38;2;112;108;40m[48;2;124;116;60m▀[38;2;152;156;36m[48;2;140;148;108m▀[38;2;160;168;76m[48;2;92;100;104m▀[38;2;120;128;76m[48;2;84;92;104m▀[38;2;80;72;56m[48;2;52;40;44m▀[38;2;112;68;48m[48;2;80;48;32m▀[38;2;132;84;64m[48;2;120;76;52m▀[38;2;112;60;48m[48;2;108;56;40m▀[38;2;88;40;24m[48;2;88;36;24m▀[38;2;80;32;16m[48;2;84;36;20m▀[38;2;84;36;24m[48;2;92;44;32m▀[38;2;92;44;32m[48;2;72;36;24m▀[38;2;64;32;20m[48;2;32;12;8m▀[38;2;20;0;0m[48;2;16;0;0m▀[38;2;20;4;4m[48;2;20;0;0m▀[48;2;16;0;0m▀[38;2;24;12;8m[48;2;32;28;32m▀[38;2;60;48;56m[48;2;44;40;48m▀[38;2;72;64;76m[48;2;52;40;48m▀[38;2;80;72;84m[48;2;72;60;68m▀[38;2;116;128;148m[48;2;104;104;124m▀[38;2;160;180;212m[48;2;120;136;164m▀[38;2;152;168;200m[48;2;128;144;172m▀[38;2;148;172;204m[48;2;132;152;184m▀[38;2;168;188;220m[48;2;120;144;176m▀[38;2;180;200;212m[48;2;104;128;160m▀[38;2;188;204;188m[48;2;124;144;180m▀[38;2;176;196;144m[48;2;152;172;208m▀[38;2;176;192;92m[48;2;188;208;228m▀[38;2;144;152;20m[48;2;200;216;200m▀[38;2;100;52;8m[48;2;140;124;52m▀[38;2;72;32;4m[48;2;136;104;36m▀[38;2;104;56;8m[48;2;128;84;44m▀[38;2;88;40;4m[48;2;92;52;20m▀[38;2;68;20;0m[48;2;72;36;12m▀[38;2;104;68;36m[48;2;96;72;44m▀[38;2;184;128;100m[48;2;184;128;100m▀[38;2;176;112;92m[48;2;176;112;92m▀[38;2;172;104;84m[48;2;172;104;84m▀[38;2;140;72;60m[48;2;136;68;56m▀[38;2;104;48;36m[48;2;100;44;36m▀[38;2;132;80;68m[48;2;104;56;48m▀[38;2;152;96;80m[48;2;96;36;40m▀[38;2;148;88;80m[48;2;104;48;52m▀[38;2;152;100;88m[48;2;124;64;68m▀[38;2;152;104;92m[48;2;124;64;72m▀[38;2;148;96;84m[48;2;136;72;84m▀[38;2;140;80;72m[48;2;144;80;84m▀[38;2;128;68;56m[48;2;132;68;68m▀[38;2;132;68;56m[48;2;128;64;64m▀[38;2;136;76;60m[48;2;140;76;72m▀[38;2;140;88;72m[48;2;144;84;80m▀[38;2;140;88;76m[48;2;144;92;84m▀[38;2;136;84;72m[48;2;144;92;80m▀[38;2;128;72;60m[48;2;140;84;68m▀[38;2;124;64;52m[48;2;124;64;52m▀[38;2;148;92;76m[48;2;128;72;60m▀[38;2;164;100;84m[48;2;152;88;76m▀[38;2;172;104;88m[48;2;160;92;76m▀[48;2;156;92;72m▀[38;2;160;96;72m[48;2;148;84;60m▀[38;2;136;76;52m[48;2;132;72;44m▀[38;2;132;68;44m[48;2;140;80;48m▀[38;2;136;80;52m[48;2;132;76;52m▀[38;2;80;36;12m[48;2;64;16;4m▀[38;2;84;36;0m[48;2;84;32;0m▀[38;2;108;56;12m[48;2;92;44;4m▀[38;2;68;28;4m[48;2;84;40;4m▀[38;2;76;40;4m[48;2;84;44;4m▀[38;2;88;52;4m[48;2;104;60;4m▀[0m
[38;2;156;172;36m[48;2;160;172;48m▀[38;2;140;144;48m[48;2;140;156;64m▀[38;2;128;144;36m[48;2;160;168;72m▀[38;2;128;140;32m[48;2;160;172;104m▀[38;2;140;152;60m[48;2;140;148;60m▀[38;2;160;172;48m[48;2;156;168;56m▀[38;2;164;172;48m[48;2;172;184;56m▀[38;2;188;184;68m[48;2;172;184;156m▀[38;2;180;188;108m[48;2;124;148;164m▀[38;2;132;136;100m[48;2;76;88;108m▀[38;2;96;92;88m[48;2;60;48;56m▀[38;2;72;88;108m[48;2;20;32;44m▀[38;2;36;48;64m[48;2;32;44;52m▀[38;2;44;56;64m[48;2;28;32;44m▀[38;2;44;28;28m[48;2;52;28;24m▀[38;2;40;20;16m[48;2;12;0;0m▀[38;2;120;76;56m[48;2;96;56;44m▀[38;2;104;56;36m[48;2;112;64;44m▀[38;2;88;40;28m[48;2;96;44;32m▀[38;2;92;44;28m[48;2;80;44;28m▀[38;2;80;44;28m[48;2;60;36;24m▀[38;2;48;24;16m[48;2;24;4;4m▀[38;2;12;0;0m[48;2;12;0;0m▀[48;2;4;0;0m▀[38;2;8;0;0m[48;2;12;8;12m▀[38;2;20;16;16m[48;2;20;20;24m▀[38;2;28;28;32m[48;2;24;20;24m▀[38;2;32;28;32m[48;2;20;16;20m▀[38;2;28;24;28m[48;2;28;24;28m▀[38;2;64;56;60m[48;2;64;56;60m▀[38;2;92;84;96m[48;2;72;64;72m▀[38;2;96;96;116m[48;2;84;72;88m▀[38;2;108;116;140m[48;2;88;88;104m▀[38;2;112;124;152m[48;2;92;100;124m▀[38;2;112;128;156m[48;2;96;104;124m▀[38;2;100;112;136m[48;2;88;92;116m▀[38;2;88;96;116m[48;2;76;80;96m▀[38;2;88;104;124m[48;2;80;84;96m▀[38;2;136;152;180m[48;2;92;100;120m▀[38;2;164;180;204m[48;2;80;80;88m▀[38;2;176;184;116m[48;2;160;164;96m▀[38;2;180;184;108m[48;2;180;192;108m▀[38;2;176;164;112m[48;2;192;168;120m▀[38;2;104;68;36m[48;2;108;68;40m▀[38;2;64;36;16m[48;2;56;36;12m▀[38;2;68;48;24m[48;2;48;24;8m▀[38;2;172;128;92m[48;2;152;116;84m▀[38;2;172;112;88m[48;2;176;112;88m▀[38;2;168;108;84m[48;2;164;104;80m▀[38;2;148;84;72m[48;2;156;92;76m▀[38;2;120;60;52m[48;2;136;80;68m▀[38;2;116;60;60m[48;2;132;76;76m▀[38;2;80;20;32m[48;2;92;20;40m▀[38;2;116;76;72m[48;2;80;44;40m▀[38;2;156;108;96m[48;2;156;124;104m▀[38;2;144;84;84m[48;2;192;160;140m▀[38;2;128;60;72m[48;2;192;156;144m▀[38;2;120;56;72m[48;2;188;148;136m▀[38;2;112;40;56m[48;2;168;120;116m▀[48;2;172;132;120m▀[38;2;116;44;60m[48;2;164;112;108m▀[38;2;120;56;64m[48;2;168;116;104m▀[38;2;120;60;64m[48;2;152;88;84m▀[38;2;112;52;52m[48;2;120;60;60m▀[38;2;120;60;52m[48;2;72;16;20m▀[38;2;124;68;52m[48;2;88;28;32m▀[38;2;116;60;44m[48;2;104;48;36m▀[38;2;140;72;60m[48;2;132;68;52m▀[38;2;152;84;64m[48;2;148;80;64m▀[38;2;148;84;60m[48;2;144;80;56m▀[38;2;140;76;52m[48;2;140;72;48m▀[38;2;136;72;48m[48;2;136;72;48m▀[38;2;140;88;56m[48;2;140;88;56m▀[38;2;116;68;40m[48;2;96;48;24m▀[38;2;60;12;0m[48;2;64;16;0m▀[38;2;80;24;0m[48;2;68;24;4m▀[38;2;84;36;0m[48;2;80;32;0m▀[38;2;92;52;4m[48;2;60;24;0m▀[38;2;96;56;8m[48;2;80;44;4m▀[38;2;32;8;0m[48;2;112;68;12m▀[0m
[38;2;152;160;76m[48;2;152;160;96m▀[38;2;160;172;96m[48;2;156;168;68m▀[38;2;168;172;80m[48;2;168;176;52m▀[38;2;152;160;64m[48;2;128;144;80m▀[38;2;148;160;84m[48;2;112;140;156m▀[38;2;160;180;148m[48;2;80;116;140m▀[38;2;124;148;152m[48;2;56;84;104m▀[38;2;80;108;132m[48;2;28;52;60m▀[38;2;36;56;68m[48;2;16;28;36m▀[38;2;24;44;52m[48;2;28;40;44m▀[38;2;24;28;40m[48;2;20;32;40m▀[38;2;20;32;40m[48;2;16;28;36m▀[48;2;16;24;32m▀[38;2;20;24;28m[48;2;20;20;20m▀[38;2;56;32;24m[48;2;60;36;28m▀[38;2;4;0;0m[48;2;12;0;0m▀[38;2;60;28;24m[48;2;40;8;4m▀[38;2;112;64;48m[48;2;96;60;48m▀[38;2;88;48;32m[48;2;80;52;40m▀[38;2;72;44;36m[48;2;60;36;28m▀[38;2;44;20;12m[48;2;24;4;4m▀[38;2;12;0;0m[48;2;8;0;0m▀[38;2;4;0;0m[48;2;4;0;0m▀[38;2;8;4;4m[48;2;16;20;20m▀[38;2;16;20;20m[48;2;12;20;20m▀[38;2;12;16;16m[48;2;12;16;16m▀[38;2;16;16;16m[48;2;8;16;16m▀[38;2;20;20;20m[48;2;20;24;28m▀[38;2;40;40;44m[48;2;28;32;36m▀▀[38;2;48;44;52m[48;2;32;32;40m▀[38;2;52;48;56m[48;2;28;32;40m▀[38;2;60;60;68m[48;2;36;40;48m▀[38;2;72;72;88m[48;2;52;52;68m▀[38;2;76;80;100m[48;2;60;60;76m▀[38;2;76;76;96m[48;2;80;80;100m▀[38;2;68;64;80m[48;2;56;52;68m▀[38;2;56;56;68m[48;2;20;16;20m▀[38;2;16;16;20m[48;2;4;0;0m▀[38;2;12;12;0m[48;2;20;12;8m▀[38;2;160;164;96m[48;2;156;128;80m▀[38;2;172;156;100m[48;2;168;144;84m▀[38;2;148;116;72m[48;2;156;156;76m▀[38;2;132;120;64m[48;2;152;160;88m▀[38;2;100;80;40m[48;2;164;164;104m▀[38;2;80;60;32m[48;2;152;136;88m▀[38;2;140;112;84m[48;2;132;108;88m▀[38;2;176;116;96m[48;2;156;116;96m▀[38;2;160;100;80m[48;2;160;100;80m▀[38;2;152;88;80m[48;2;156;96;80m▀[38;2;144;84;76m[48;2;144;92;80m▀[38;2;144;88;80m[48;2;148;100;88m▀[38;2;112;40;56m[48;2;124;64;68m▀[38;2;64;8;20m[48;2;104;32;52m▀[38;2;56;24;20m[48;2;100;52;60m▀[38;2;116;72;72m[48;2;92;48;52m▀[38;2;164;128;124m[48;2;104;44;56m▀[38;2;188;164;148m[48;2;96;44;52m▀[38;2;184;160;144m▀[38;2;196;176;152m[48;2;100;52;52m▀[38;2;188;160;140m[48;2;100;44;48m▀[38;2;176;144;116m[48;2;92;44;40m▀[38;2;156;108;80m[48;2;48;20;12m▀[38;2;92;52;44m[48;2;40;8;8m▀[38;2;64;12;16m[48;2;104;36;44m▀[38;2;104;40;44m[48;2;120;64;60m▀[38;2;104;52;44m[48;2;120;68;52m▀[38;2;144;80;68m[48;2;160;92;76m▀[38;2;156;88;64m[48;2;152;84;64m▀[38;2;140;76;56m[48;2;144;76;52m▀[38;2;132;68;44m[48;2;132;64;48m▀[38;2;128;68;40m[48;2;136;80;48m▀[38;2;128;80;48m[48;2;112;64;32m▀[38;2;76;24;8m[48;2;68;16;4m▀[38;2;76;24;0m[48;2;84;40;4m▀[38;2;76;28;4m[48;2;80;40;4m▀[38;2;64;20;0m[48;2;64;28;4m▀[38;2;72;36;0m[48;2;84;48;4m▀[38;2;88;52;12m[48;2;112;72;12m▀[38;2;104;68;8m[48;2;100;64;4m▀[0m
[38;2;160;172;96m[48;2;156;176;112m▀[38;2;148;160;60m[48;2;160;176;104m▀[38;2;144;152;80m[48;2;56;80;64m▀[38;2;76;104;120m[48;2;40;68;76m▀[38;2;60;92;100m[48;2;40;68;72m▀[38;2;40;72;76m[48;2;28;56;60m▀[38;2;28;56;64m[48;2;20;44;52m▀[38;2;16;32;44m[48;2;12;28;36m▀[38;2;16;28;32m[48;2;8;24;28m▀[38;2;36;40;36m[48;2;40;40;36m▀[38;2;40;32;24m[48;2;52;36;24m▀[38;2;12;28;32m[48;2;16;28;32m▀[38;2;12;20;28m[48;2;12;20;24m▀[38;2;20;16;16m[48;2;16;12;12m▀[38;2;64;40;32m[48;2;60;40;32m▀[38;2;24;0;0m[48;2;40;12;8m▀[38;2;48;16;12m[48;2;72;44;36m▀[38;2;76;48;40m[48;2;76;52;44m▀[38;2;72;48;40m[48;2;72;48;44m▀[38;2;48;24;20m[48;2;32;8;8m▀[38;2;12;0;0m[48;2;12;0;0m▀[38;2;4;0;0m▀[38;2;20;12;12m[48;2;20;24;28m▀[38;2;20;28;28m[48;2;20;28;32m▀[38;2;16;20;20m[48;2;16;24;24m▀[38;2;12;20;20m[48;2;12;24;24m▀[38;2;12;20;24m[48;2;12;20;28m▀[38;2;16;24;24m[48;2;20;28;28m▀[38;2;24;28;36m[48;2;28;36;40m▀[38;2;32;40;44m[48;2;24;32;36m▀[38;2;28;32;40m[48;2;24;28;36m▀[38;2;24;28;36m[48;2;20;24;28m▀[48;2;20;24;32m▀[38;2;32;36;52m[48;2;20;28;36m▀[38;2;48;44;56m[48;2;32;32;44m▀[38;2;52;52;64m[48;2;16;16;20m▀[38;2;20;20;28m[48;2;4;0;0m▀[38;2;8;0;0m[48;2;12;0;0m▀[48;2;16;0;4m▀[38;2;28;12;12m[48;2;24;16;12m▀[38;2;180;168;108m[48;2;188;188;120m▀[38;2;204;204;124m[48;2;228;224;156m▀[38;2;184;184;108m[48;2;244;228;176m▀[38;2;192;184;124m[48;2;220;184;152m▀[38;2;180;164;120m[48;2;156;120;96m▀[38;2;128;104;84m[48;2;116;76;60m▀[38;2;72;48;36m[48;2;96;56;40m▀[38;2;132;104;84m[48;2;132;108;88m▀[38;2;160;108;88m[48;2;164;124;104m▀[38;2;156;96;80m[48;2;152;92;80m▀[38;2;148;96;88m[48;2;156;104;92m▀[48;2;144;100;88m▀[38;2;144;88;80m[48;2;148;96;88m▀[38;2;120;52;64m[48;2;140;88;80m▀[38;2;112;40;64m[48;2;124;64;72m▀[38;2;120;56;76m[48;2;124;56;76m▀[38;2;124;60;80m[48;2;124;48;76m▀[38;2;116;60;72m[48;2;120;44;72m▀[38;2;116;64;72m[48;2;124;44;72m▀[38;2;104;52;56m[48;2;128;48;72m▀[38;2;104;56;56m[48;2;120;48;68m▀[38;2;84;36;40m[48;2;116;52;64m▀[38;2;64;8;20m[48;2;124;56;68m▀[38;2;108;36;52m[48;2;132;72;72m▀[38;2;132;72;72m[48;2;132;88;68m▀[38;2;128;76;60m[48;2;132;84;64m▀[38;2;136;76;64m[48;2;148;84;72m▀[38;2;156;88;76m[48;2;144;80;60m▀[38;2;144;76;60m[48;2;132;68;44m▀[38;2;136;72;48m[48;2;128;64;40m▀[38;2;124;64;40m[48;2;128;72;40m▀[38;2;140;84;52m[48;2;136;104;60m▀[38;2;80;32;12m[48;2;108;88;36m▀[38;2;76;32;0m[48;2;64;20;0m▀[38;2;84;36;4m[48;2;68;28;4m▀[38;2;80;40;4m[48;2;100;68;8m▀[38;2;96;56;4m[48;2;112;76;4m▀[38;2;76;40;4m[48;2;116;76;12m▀[38;2;84;48;8m[48;2;128;96;16m▀[38;2;92;56;0m[48;2;136;104;24m▀[0m
[38;2;192;212;52m[48;2;196;208;16m▀[38;2;156;172;28m[48;2;88;104;16m▀[38;2;24;52;56m[48;2;16;40;44m▀[38;2;36;60;56m[48;2;28;48;40m▀[38;2;28;52;52m[48;2;24;48;40m▀[38;2;16;44;44m[48;2;20;44;48m▀[38;2;16;36;44m[48;2;16;32;40m▀[38;2;12;24;28m[48;2;4;20;20m▀[38;2;8;24;24m[48;2;12;24;28m▀[38;2;40;40;36m[48;2;32;40;32m▀[38;2;64;44;24m[48;2;68;48;24m▀[38;2;20;28;32m[48;2;28;32;28m▀[38;2;16;20;28m[48;2;12;20;24m▀[38;2;12;4;4m[48;2;12;4;4m▀[38;2;48;36;32m[48;2;52;36;32m▀[38;2;76;60;48m[48;2;80;60;48m▀[38;2;68;48;36m[48;2;72;52;40m▀[38;2;76;56;44m[48;2;84;64;56m▀[38;2;60;40;32m[48;2;36;16;16m▀[38;2;20;0;0m[48;2;16;0;0m▀[38;2;12;0;0m[48;2;8;0;0m▀[38;2;12;8;8m[48;2;20;20;20m▀[38;2;24;32;32m[48;2;20;28;32m▀[38;2;20;32;32m[48;2;20;28;28m▀[38;2;16;28;28m[48;2;16;28;28m▀[38;2;12;24;24m▀[38;2;16;28;32m[48;2;16;32;28m▀[38;2;20;32;40m[48;2;20;32;36m▀[38;2;24;32;36m[48;2;16;28;32m▀[38;2;20;32;36m[48;2;20;32;36m▀[38;2;20;24;28m[48;2;16;28;32m▀[38;2;16;24;28m[48;2;16;28;28m▀[38;2;20;24;28m[48;2;20;28;32m▀[38;2;24;28;32m[48;2;20;24;28m▀[38;2;20;20;24m[48;2;4;4;4m▀[38;2;0;0;0m[48;2;4;0;0m▀[38;2;8;0;0m[48;2;12;0;4m▀[38;2;16;4;4m[48;2;16;4;4m▀[38;2;8;0;0m[48;2;0;0;0m▀[38;2;20;16;12m[48;2;32;24;16m▀[38;2;200;196;132m[48;2;208;196;144m▀[38;2;248;232;172m[48;2;232;204;156m▀[38;2;244;224;192m[48;2;216;180;144m▀[38;2;236;200;176m[48;2;240;212;204m▀[38;2;172;128;104m[48;2;168;124;116m▀[38;2;84;44;32m[48;2;40;4;4m▀[38;2;48;20;16m[48;2;20;0;0m▀[38;2;128;104;96m[48;2;136;104;96m▀[38;2;172;136;120m[48;2;164;124;112m▀[38;2;144;96;80m[48;2;144;96;80m▀[38;2;152;100;84m▀[38;2;156;104;96m[48;2;156;108;96m▀[38;2;144;96;88m[48;2;148;96;92m▀[38;2;144;96;84m[48;2;140;92;88m▀[38;2;144;92;80m▀[38;2;136;80;72m[48;2;140;92;84m▀[38;2;132;68;68m[48;2;140;88;80m▀[38;2;128;60;64m[48;2;140;84;72m▀[38;2;124;56;64m[48;2;136;80;72m▀[38;2;124;56;68m[48;2;140;80;68m▀[38;2;132;68;76m[48;2;140;88;72m▀[38;2;140;80;76m[48;2;140;92;76m▀[38;2;136;84;72m▀[38;2;140;88;72m[48;2;140;88;76m▀[38;2;136;84;64m[48;2;136;84;72m▀[38;2;140;84;68m[48;2;148;92;80m▀[38;2;148;88;72m[48;2;136;76;60m▀[38;2;132;68;48m[48;2;124;60;36m▀[38;2;124;64;40m[48;2;132;76;48m▀[38;2;132;76;44m[48;2;136;104;52m▀[38;2;144;108;60m[48;2;152;148;72m▀[38;2;136;128;56m[48;2;140;144;60m▀[38;2;124;128;48m[48;2;132;120;52m▀[38;2;84;60;12m[48;2;124;104;32m▀[38;2;112;96;28m[48;2;136;132;56m▀[38;2;128;120;40m[48;2;140;144;60m▀[38;2;132;132;44m[48;2;144;156;68m▀[38;2;140;152;60m[48;2;144;160;76m▀[38;2;156;172;84m[48;2;152;172;92m▀[38;2;176;188;100m[48;2;172;188;100m▀[0m
[38;2;152;164;48m[48;2;128;140;48m▀[38;2;52;72;36m[48;2;56;68;32m▀[38;2;16;36;32m[48;2;24;36;32m▀[38;2;28;40;28m[48;2;28;40;28m▀[38;2;28;44;44m[48;2;24;36;32m▀[38;2;20;40;48m[48;2;24;36;36m▀[38;2;12;28;36m[48;2;16;28;32m▀[38;2;4;16;20m[48;2;8;16;20m▀[38;2;8;24;24m[48;2;12;20;24m▀[38;2;24;36;32m[48;2;28;36;32m▀[38;2;72;52;28m[48;2;72;52;32m▀[38;2;40;36;28m[48;2;60;44;28m▀[38;2;4;16;20m[48;2;8;12;16m▀[38;2;24;12;12m[48;2;24;12;12m▀[38;2;68;52;44m[48;2;68;52;40m▀[38;2;76;60;48m[48;2;76;60;48m▀[38;2;88;68;60m[48;2;84;68;56m▀[38;2;68;48;44m[48;2;48;32;24m▀[38;2;20;4;4m[48;2;16;0;0m▀[38;2;12;0;0m[48;2;8;0;0m▀[38;2;12;4;4m[48;2;20;12;12m▀[38;2;20;24;24m[48;2;16;20;24m▀[38;2;8;24;24m[48;2;16;24;20m▀[38;2;16;24;28m[48;2;16;24;24m▀[38;2;12;20;24m[48;2;16;20;24m▀[38;2;12;24;28m[48;2;16;16;24m▀[38;2;16;28;28m[48;2;16;24;20m▀[48;2;20;28;28m▀[38;2;16;28;32m[48;2;20;24;28m▀[38;2;16;28;28m[48;2;24;36;32m▀[38;2;12;24;24m[48;2;28;36;36m▀[48;2;32;36;32m▀[38;2;16;24;28m[48;2;24;24;24m▀[38;2;0;4;8m[48;2;16;12;8m▀[38;2;0;0;0m▀[38;2;4;0;0m[48;2;16;8;8m▀[38;2;8;0;0m[48;2;16;8;4m▀[38;2;4;0;0m[48;2;16;8;8m▀[38;2;0;0;0m[48;2;24;12;8m▀[38;2;32;20;12m[48;2;44;32;20m▀[38;2;220;204;152m[48;2;244;220;184m▀[38;2;236;196;160m[48;2;192;152;124m▀[38;2;176;132;120m[48;2;124;88;76m▀[38;2;144;104;100m[48;2;144;100;84m▀[38;2;112;68;60m[48;2;172;120;100m▀[38;2;88;52;44m[48;2;136;92;80m▀[38;2;68;32;28m[48;2;108;68;60m▀[38;2;144;108;96m[48;2;148;108;96m▀[38;2;152;108;96m[48;2;144;96;84m▀[38;2;136;92;76m[48;2;132;84;72m▀[38;2;140;88;76m[48;2;128;80;64m▀[38;2;152;104;88m[48;2;136;92;76m▀[38;2;152;104;96m[48;2;144;96;84m▀[38;2;148;100;96m[48;2;140;92;84m▀[38;2;148;100;100m[48;2;144;96;92m▀[38;2;144;100;96m[48;2;144;100;100m▀[38;2;144;96;96m[48;2;140;92;92m▀[38;2;144;92;88m[48;2;140;88;88m▀[38;2;140;88;84m[48;2;140;92;88m▀[38;2;144;92;88m[48;2;144;96;92m▀[38;2;144;96;84m[48;2;148;100;92m▀[48;2;144;100;88m▀[38;2;144;92;80m[48;2;144;96;80m▀[38;2;140;92;76m[48;2;136;88;72m▀[38;2;144;88;72m[48;2;128;76;60m▀[38;2;140;84;68m[48;2;116;64;44m▀[38;2;124;68;44m[48;2;132;84;52m▀[38;2;124;72;44m[48;2;104;68;44m▀[38;2;100;72;36m[48;2;56;32;16m▀[38;2;136;132;60m[48;2;128;120;60m▀[38;2;152;156;68m[48;2;156;160;80m▀[38;2;168;164;84m[48;2;172;168;92m▀[38;2;148;148;72m[48;2;152;152;80m▀[38;2;120;112;44m[48;2;116;112;44m▀[38;2;148;144;76m[48;2;124;116;56m▀[38;2;144;148;68m[48;2;144;140;68m▀[38;2;156;164;72m[48;2;152;160;68m▀[38;2;144;160;72m[48;2;140;148;64m▀[38;2;148;164;76m[48;2;132;144;56m▀[38;2;160;176;88m[48;2;136;148;60m▀[0m
[38;2;56;60;28m[48;2;48;48;20m▀[38;2;64;60;32m[48;2;60;56;28m▀[38;2;64;56;32m[48;2;60;48;24m▀[38;2;52;44;24m[48;2;64;52;28m▀[48;2;60;52;24m▀[38;2;60;40;20m[48;2;56;40;16m▀[38;2;60;36;20m[48;2;56;32;8m▀[38;2;64;44;24m[48;2;68;44;20m▀[38;2;60;36;20m[48;2;72;48;28m▀[38;2;64;36;24m[48;2;64;36;16m▀[38;2;64;40;24m[48;2;68;36;20m▀[38;2;68;40;20m[48;2;80;44;24m▀[48;2;84;44;28m▀[38;2;68;36;20m[48;2;84;48;28m▀[48;2;80;40;24m▀[38;2;64;32;16m[48;2;68;32;16m▀[38;2;68;36;20m[48;2;64;24;12m▀[38;2;56;28;12m[48;2;72;36;20m▀[38;2;52;24;12m[48;2;84;44;28m▀[38;2;56;28;16m[48;2;92;44;32m▀[38;2;56;24;12m[48;2;84;44;28m▀[38;2;52;24;16m[48;2;76;36;24m▀[38;2;56;28;16m[48;2;72;36;20m▀[48;2;68;32;16m▀[38;2;52;24;16m▀[38;2;56;28;20m[48;2;72;40;24m▀[38;2;64;36;20m[48;2;80;44;24m▀[38;2;72;40;24m[48;2;88;48;32m▀[38;2;80;48;32m[48;2;104;68;48m▀[38;2;116;80;60m[48;2;120;76;56m▀[38;2;184;144;112m▀[38;2;184;152;120m[48;2;132;88;64m▀[38;2;156;120;96m[48;2;148;100;72m▀[38;2;152;112;84m[48;2;152;108;76m▀[38;2;168;132;96m[48;2;184;136;100m▀[38;2;196;160;128m[48;2;184;144;108m▀[38;2;172;144;108m[48;2;184;152;112m▀[38;2;204;184;152m[48;2;248;228;184m▀[38;2;192;192;128m[48;2;216;224;156m▀[38;2;168;184;96m[48;2;180;200;96m▀[38;2;200;204;120m[48;2;180;192;96m▀[38;2;196;200;108m[48;2;192;204;112m▀[38;2;180;188;100m[48;2;204;212;120m▀[38;2;208;212;140m[48;2;216;224;136m▀[38;2;240;224;212m[48;2;208;192;160m▀[38;2;140;108;84m[48;2;100;68;44m▀[38;2;132;104;76m[48;2;144;120;88m▀[38;2;176;144;116m[48;2;148;116;84m▀[38;2;124;92;68m[48;2;92;60;40m▀[38;2;76;44;24m[48;2;60;32;16m▀[38;2;84;52;36m[48;2;76;52;32m▀[38;2;84;52;40m[48;2;88;60;40m▀[38;2;84;48;36m[48;2;92;60;44m▀[38;2;96;56;44m[48;2;112;76;60m▀[38;2;108;68;56m[48;2;140;96;84m▀[38;2;112;72;64m[48;2;152;112;104m▀[38;2;116;76;68m[48;2;156;116;108m▀[38;2;136;96;84m▀[38;2;148;108;100m[48;2;156;112;108m▀[48;2;160;116;112m▀[38;2;148;108;104m[48;2;164;120;116m▀[38;2;156;116;112m▀[38;2;152;112;104m[48;2;164;120;112m▀[38;2;136;96;88m[48;2;152;108;96m▀[38;2;116;76;64m[48;2;144;96;84m▀[38;2;104;64;52m[48;2;128;84;72m▀[38;2;92;52;40m[48;2;108;64;52m▀[38;2;64;32;20m[48;2;80;44;32m▀[38;2;68;40;28m[48;2;68;36;24m▀[38;2;112;88;72m[48;2;84;56;44m▀[38;2;132;108;96m[48;2;80;56;40m▀[38;2;80;60;48m[48;2;88;64;56m▀[38;2;56;36;20m[48;2;96;72;56m▀[38;2;80;56;36m[48;2;72;48;32m▀[38;2;100;80;60m▀[38;2;88;64;48m[48;2;80;52;44m▀[38;2;124;96;68m[48;2;52;28;20m▀[38;2;144;112;84m[48;2;72;44;20m▀[38;2;124;100;76m[48;2;120;88;64m▀[38;2;76;56;32m[48;2;116;92;76m▀[0m
[38;2;48;56;24m[48;2;40;48;20m▀[38;2;56;48;24m[48;2;52;44;20m▀[48;2;52;40;16m▀[38;2;60;52;24m[48;2;56;44;20m▀[38;2;56;40;16m[48;2;60;40;20m▀[38;2;60;36;16m[48;2;68;44;24m▀[38;2;60;40;16m[48;2;64;44;20m▀[38;2;72;48;24m[48;2;68;44;24m▀[38;2;76;44;28m[48;2;80;48;24m▀[38;2;80;44;24m[48;2;100;64;40m▀[38;2;96;56;36m[48;2;120;76;56m▀[48;2;124;80;60m▀[48;2;128;88;64m▀[38;2;96;52;36m[48;2;124;84;60m▀[38;2;92;52;36m[48;2;112;72;48m▀[38;2;84;44;28m[48;2;104;64;44m▀[48;2;112;68;52m▀[38;2;96;52;36m[48;2;120;76;64m▀[38;2;104;60;48m[48;2;124;80;68m▀[38;2;108;64;52m[48;2;124;84;68m▀▀[38;2;112;68;52m▀[38;2;108;64;48m[48;2;120;80;60m▀[38;2;96;52;40m[48;2;116;76;60m▀[38;2;92;52;36m[48;2;116;72;56m▀[38;2;96;52;36m[48;2;112;72;52m▀[38;2;96;56;40m[48;2;112;72;56m▀[38;2;100;60;44m[48;2;116;76;56m▀[38;2;116;76;56m[48;2;124;80;56m▀[38;2;116;72;52m[48;2;120;76;56m▀[38;2;108;68;48m[48;2;128;88;64m▀[38;2;124;80;56m[48;2;140;96;76m▀[38;2;140;92;64m[48;2;148;108;80m▀[38;2;164;120;88m[48;2;196;152;116m▀[38;2;160;116;88m[48;2;176;132;104m▀[38;2;144;108;80m[48;2;148;112;80m▀[38;2;160;128;88m[48;2;176;144;104m▀[38;2;216;192;152m[48;2;220;192;148m▀[38;2;216;224;160m[48;2;176;184;112m▀[38;2;180;204;96m[48;2;188;208;92m▀[38;2;200;212;120m[48;2;236;240;164m▀[38;2;216;220;132m[48;2;240;244;180m▀[38;2;208;212;120m[48;2;236;236;160m▀[38;2;224;228;144m[48;2;240;236;164m▀[38;2;212;208;140m[48;2;240;236;172m▀[38;2;144;120;84m[48;2;228;212;160m▀[38;2;152;120;88m[48;2;160;124;88m▀[38;2;104;68;40m[48;2;100;64;44m▀[38;2;72;44;20m[48;2;132;92;76m▀[38;2;80;52;28m[48;2;140;108;80m▀[38;2;92;64;44m[48;2;144;104;84m▀[38;2;112;76;60m[48;2;144;120;72m▀[38;2;144;108;96m[48;2;156;132;84m▀[38;2;176;136;132m[48;2;164;136;92m▀[38;2;184;148;144m[48;2;188;148;132m▀[38;2;188;148;148m[48;2;172;136;120m▀[38;2;188;148;144m[48;2;168;132;112m▀[38;2;180;140;140m[48;2;176;136;116m▀[38;2;172;132;132m[48;2;172;136;120m▀[38;2;172;132;128m[48;2;172;136;128m▀[38;2;172;128;128m[48;2;172;132;124m▀[38;2;168;124;124m[48;2;176;132;124m▀[38;2;164;120;116m[48;2;172;124;128m▀[38;2;160;120;108m[48;2;168;124;124m▀[38;2;156;112;104m[48;2;168;128;124m▀[38;2;148;100;92m[48;2;164;120;120m▀[38;2;128;84;68m[48;2;156;108;104m▀[38;2;104;64;48m[48;2;128;84;72m▀[38;2;84;44;32m[48;2;96;56;44m▀[38;2;64;32;24m[48;2;80;44;28m▀[38;2;64;36;20m[48;2;64;32;20m▀[38;2;68;44;28m[48;2;52;24;8m▀[38;2;76;48;32m[48;2;68;40;20m▀[38;2;56;32;16m[48;2;76;48;32m▀[38;2;64;40;20m[48;2;52;28;8m▀[38;2;64;36;24m[48;2;40;16;4m▀[38;2;72;48;36m[48;2;52;28;12m▀[38;2;72;44;28m[48;2;52;28;16m▀[38;2;100;72;48m[48;2;64;40;28m▀[38;2;148;116;88m[48;2;80;56;32m▀[0m
[38;2;48;52;20m[48;2;44;48;20m▀[38;2;48;44;16m[48;2;40;40;8m▀[38;2;52;44;16m[48;2;48;40;16m▀[38;2;56;44;20m[48;2;52;44;16m▀[38;2;64;48;24m[48;2;60;44;20m▀[38;2;68;48;24m▀[38;2;72;48;28m[48;2;72;52;28m▀[38;2;76;52;32m[48;2;96;72;48m▀[38;2;96;64;40m[48;2;120;88;64m▀[38;2;128;88;64m[48;2;144;100;76m▀[38;2;144;100;76m[48;2;156;112;88m▀[38;2;148;108;84m[48;2;156;116;92m▀[38;2;152;112;84m▀[38;2;156;112;84m[48;2;152;108;84m▀[38;2;148;100;80m[48;2;152;100;80m▀[38;2;140;96;76m[48;2;148;100;80m▀[38;2;140;96;80m▀[38;2;136;96;80m[48;2;144;100;80m▀[38;2;136;92;76m[48;2;140;96;80m▀[38;2;132;88;72m[48;2;136;92;76m▀[38;2;128;84;68m[48;2;132;88;68m▀[38;2;128;84;64m▀[38;2;124;80;64m[48;2;124;84;64m▀[38;2;120;76;60m▀[38;2;120;80;60m▀[38;2;124;80;64m▀[38;2;124;84;64m[48;2;128;88;68m▀▀[48;2;128;88;72m▀[38;2;132;88;68m[48;2;132;92;72m▀[38;2;136;100;76m[48;2;136;100;76m▀[38;2;144;112;84m[48;2;148;112;88m▀[38;2;156;124;100m[48;2;164;128;108m▀[38;2;212;176;144m[48;2;212;172;140m▀[38;2;208;164;128m[48;2;208;164;128m▀[38;2;152;116;84m[48;2;180;144;108m▀[38;2;152;128;92m[48;2;192;164;120m▀[38;2;196;176;128m[48;2;224;208;168m▀[38;2;140;156;88m[48;2;156;168;100m▀[38;2;152;176;80m[48;2;152;172;68m▀[38;2;212;224;140m[48;2;212;216;132m▀[38;2;232;236;160m[48;2;232;228;140m▀[38;2;240;236;164m[48;2;248;248;180m▀[38;2;244;240;180m[48;2;255;252;208m▀[38;2;248;236;176m[48;2;252;244;220m▀[38;2;232;204;160m[48;2;255;252;240m▀[38;2;176;140;112m[48;2;184;148;124m▀[38;2;96;52;36m[48;2;88;44;36m▀[38;2;136;84;96m[48;2;124;80;64m▀[38;2;144;108;92m[48;2;136;108;52m▀[38;2;116;56;72m[48;2;112;76;48m▀[38;2;120;104;56m[48;2;116;100;40m▀[38;2;144;128;52m[48;2;160;124;84m▀[38;2;156;116;52m[48;2;136;64;88m▀[38;2;176;104;140m[48;2;156;88;108m▀[38;2;140;100;76m[48;2;112;76;40m▀[38;2;112;92;40m[48;2;108;88;36m▀[38;2;120;96;52m[48;2;116;88;48m▀[38;2;112;92;40m[48;2;100;76;16m▀[38;2;136;96;68m[48;2;136;80;64m▀[38;2;156;96;104m[48;2;172;84;132m▀[38;2;136;96;68m[48;2;96;48;48m▀[38;2;140;108;68m[48;2;112;96;32m▀[38;2;140;104;68m[48;2;104;80;24m▀[38;2;140;100;68m[48;2;116;64;60m▀[38;2;140;104;84m[48;2;148;76;96m▀[38;2;148;108;88m[48;2;124;76;64m▀[38;2;136;96;76m[48;2;136;100;76m▀[38;2;116;72;56m[48;2;120;92;44m▀[38;2;92;52;36m[48;2;104;68;36m▀[38;2;60;24;16m[48;2;72;36;20m▀[38;2;40;12;4m[48;2;44;20;4m▀[38;2;56;32;12m[48;2;52;28;8m▀[38;2;56;32;16m[48;2;56;32;12m▀[38;2;60;32;20m[48;2;52;28;16m▀[48;2;60;32;20m▀[38;2;76;52;36m[48;2;80;56;40m▀[38;2;112;80;64m[48;2;88;52;36m▀[38;2;112;84;72m[48;2;96;68;52m▀[38;2;96;68;60m[48;2;88;60;44m▀[0m
[38;2;40;40;8m[48;2;44;44;8m▀[38;2;32;32;4m[48;2;36;36;4m▀[38;2;48;40;12m[48;2;36;32;4m▀[38;2;52;44;16m[48;2;52;44;16m▀[38;2;60;44;20m[48;2;56;40;16m▀[38;2;64;44;20m[48;2;68;48;24m▀[38;2;76;56;32m[48;2;80;56;32m▀[38;2;104;76;48m[48;2;104;76;48m▀[38;2;120;84;60m[48;2;116;80;56m▀[38;2;136;96;72m[48;2;136;96;72m▀[38;2;148;104;84m[48;2;148;108;88m▀[38;2;156;112;88m[48;2;148;108;80m▀[38;2;152;108;88m[48;2;148;104;76m▀[38;2;148;104;80m[48;2;144;96;76m▀[38;2;144;100;76m[48;2;144;100;80m▀[38;2;144;96;76m[48;2;144;100;76m▀[38;2;144;96;80m[48;2;148;104;84m▀[38;2;148;100;80m[48;2;148;100;84m▀[38;2;140;96;76m[48;2;144;100;80m▀[38;2;132;92;76m[48;2;136;92;80m▀[38;2;132;92;72m[48;2;136;92;76m▀[38;2;128;88;68m[48;2;132;92;76m▀[38;2;124;84;68m[48;2;124;84;72m▀[48;2;124;84;68m▀[38;2;124;80;64m▀▀[38;2;128;84;68m[48;2;128;84;72m▀[38;2;132;88;72m[48;2;132;88;76m▀[38;2;132;88;76m[48;2;132;92;76m▀[38;2;132;92;76m[48;2;136;96;80m▀[38;2;136;96;80m[48;2;140;104;88m▀[38;2;144;108;88m[48;2;148;112;92m▀[38;2;168;132;108m[48;2;184;148;120m▀[38;2;216;176;144m[48;2;228;180;144m▀[38;2;188;148;112m[48;2;188;148;116m▀[38;2;160;128;92m[48;2;140;108;76m▀[38;2;180;152;112m[48;2;172;144;104m▀[38;2;208;192;144m[48;2;224;220;180m▀[38;2;180;192;88m[48;2;192;208;92m▀[38;2;176;192;76m[48;2;180;192;80m▀[38;2;224;204;148m[48;2;212;184;144m▀[38;2;248;228;180m[48;2;236;220;188m▀[38;2;252;244;200m[48;2;252;232;180m▀[38;2;252;252;220m[48;2;255;248;212m▀[38;2;255;255;255m[48;2;248;216;184m▀[38;2;248;232;216m[48;2;172;104;72m▀[38;2;124;72;44m[48;2;144;92;60m▀[38;2;100;60;52m[48;2;140;104;72m▀[38;2;120;84;60m[48;2;124;88;56m▀[38;2;168;152;84m[48;2;144;116;72m▀[38;2;108;92;32m[48;2;128;104;60m▀[38;2;120;104;44m[48;2;148;124;72m▀[38;2;160;128;100m[48;2;124;100;48m▀[38;2;104;40;64m[48;2;104;72;36m▀[38;2;152;84;112m[48;2;144;92;84m▀[38;2;152;100;112m[48;2;136;92;72m▀[38;2;104;84;40m[48;2;108;88;36m▀[38;2;116;92;36m[48;2;100;84;28m▀[38;2;132;80;60m[48;2;128;76;72m▀[38;2;156;76;104m[48;2;152;80;108m▀[38;2;128;60;76m[48;2;124;88;64m▀[38;2;112;80;40m[48;2;116;96;36m▀[38;2;116;92;36m[48;2;112;88;40m▀[38;2;104;80;28m[48;2;120;96;36m▀[38;2;100;48;44m[48;2;112;68;16m▀[38;2;108;32;60m[48;2;140;68;92m▀[38;2;124;48;80m[48;2;120;52;80m▀[38;2;152;88;112m[48;2;84;44;24m▀[38;2;104;76;32m[48;2;116;92;28m▀[38;2;128;68;72m[48;2;100;44;36m▀[38;2;112;60;64m[48;2;108;56;52m▀[38;2;56;28;0m[48;2;76;48;8m▀[38;2;48;20;4m[48;2;52;24;4m▀[38;2;56;28;12m[48;2;56;28;12m▀[38;2;48;24;8m[48;2;56;28;20m▀[38;2;52;24;12m[48;2;56;28;16m▀[38;2;56;28;16m[48;2;52;24;12m▀[38;2;52;24;12m[48;2;56;28;16m▀[38;2;80;48;28m[48;2;76;44;20m▀[38;2;84;52;28m[48;2;64;32;8m▀[0m
[38;2;36;36;4m[48;2;32;36;8m▀[38;2;32;32;4m[48;2;8;16;0m▀[38;2;36;36;8m[48;2;44;44;20m▀[38;2;36;32;4m[48;2;44;36;12m▀[38;2;40;28;4m[48;2;32;24;0m▀[38;2;64;48;24m[48;2;56;40;16m▀[38;2;80;56;32m[48;2;76;52;24m▀[38;2;100;68;44m[48;2;92;60;36m▀[38;2;116;76;52m[48;2;116;76;56m▀[38;2;128;88;64m[48;2;136;92;72m▀[38;2;144;104;80m[48;2;144;104;80m▀[38;2;148;104;76m[48;2;148;104;76m▀[38;2;148;100;80m[48;2;152;104;84m▀[38;2;144;96;80m▀[38;2;148;100;80m[48;2;148;104;84m▀[38;2;152;104;84m[48;2;152;104;84m▀[38;2;152;108;88m[48;2;148;104;84m▀[38;2;152;104;88m[48;2;148;100;88m▀[38;2;144;104;88m[48;2;144;100;84m▀[38;2;140;96;84m[48;2;140;96;80m▀[38;2;136;92;76m[48;2;132;88;72m▀[38;2;128;84;72m[48;2;128;88;72m▀[38;2;120;80;64m[48;2;124;84;68m▀[38;2;124;84;64m▀[38;2;124;84;68m▀▀[38;2;128;88;72m[48;2;128;88;72m▀[48;2;132;92;76m▀[38;2;132;92;76m[48;2;136;96;80m▀[38;2;136;96;80m[48;2;140;100;84m▀[38;2;144;104;88m[48;2;144;108;92m▀[38;2;168;128;108m[48;2;192;152;128m▀[38;2;216;172;144m[48;2;252;216;184m▀[38;2;255;212;176m[48;2;255;252;220m▀[38;2;212;172;140m[48;2;236;200;164m▀[38;2;132;100;68m[48;2;140;100;72m▀[38;2;196;172;128m[48;2;208;192;152m▀[38;2;255;244;220m[48;2;236;168;148m▀[38;2;200;204;112m[48;2;196;180;96m▀[38;2;164;180;72m[48;2;148;176;92m▀[38;2;204;184;132m[48;2;160;124;72m▀[38;2;216;172;128m[48;2;184;140;92m▀[38;2;228;180;132m[48;2;188;132;84m▀[38;2;220;168;124m[48;2;172;120;76m▀[38;2;196;140;96m[48;2;160;108;68m▀[38;2;164;108;76m[48;2;152;100;68m▀[38;2;144;100;68m[48;2;128;80;48m▀[38;2;148;116;92m[48;2;156;116;92m▀[38;2;180;140;116m[48;2;196;148;128m▀[38;2;188;144;128m[48;2;192;148;124m▀[38;2;204;164;152m[48;2;208;160;148m▀[38;2;192;148;140m[48;2;208;164;152m▀[38;2;188;148;132m[48;2;200;156;144m▀[38;2;176;136;120m▀[38;2;160;120;104m[48;2;200;148;140m▀[38;2;156;120;96m[48;2;196;144;140m▀[38;2;164;124;96m[48;2;196;148;140m▀[38;2;156;120;88m[48;2;200;148;144m▀[38;2;152;112;84m[48;2;196;148;144m▀[38;2;136;92;76m[48;2;188;140;132m▀[38;2;120;88;48m[48;2;184;132;120m▀[38;2;120;88;44m[48;2;176;124;112m▀[38;2;116;88;40m[48;2;168;120;104m▀[38;2;116;88;28m[48;2;156;112;92m▀[38;2;112;72;12m[48;2;152;104;80m▀[38;2;120;56;56m[48;2;140;92;64m▀[38;2;96;52;36m[48;2;144;100;64m▀[38;2;92;72;16m[48;2;144;104;56m▀[38;2;120;100;40m[48;2;120;88;32m▀[38;2;112;88;36m[48;2;108;80;24m▀[38;2;100;68;16m[48;2;96;68;12m▀[38;2;88;48;4m[48;2;80;48;0m▀[38;2;56;24;4m[48;2;72;44;0m▀[38;2;48;12;4m[48;2;84;36;28m▀[38;2;52;20;8m[48;2;52;12;12m▀[38;2;48;20;12m[48;2;48;24;12m▀[38;2;44;16;8m[48;2;52;24;16m▀[38;2;48;20;8m[48;2;56;24;4m▀[38;2;56;24;4m[48;2;48;16;4m▀[38;2;56;24;0m[48;2;60;24;4m▀[0m
[38;2;104;80;68m[48;2;140;88;72m▀[38;2;48;36;20m[48;2;104;60;48m▀[38;2;68;64;36m[48;2;64;44;24m▀[38;2;60;48;24m[48;2;72;52;28m▀[38;2;48;36;12m▀[38;2;64;44;20m[48;2;76;52;28m▀[38;2;80;56;28m[48;2;100;68;40m▀[38;2;108;72;40m[48;2;128;88;56m▀[38;2;132;88;60m[48;2;140;96;68m▀[38;2;144;100;72m[48;2;144;104;80m▀[38;2;144;104;76m▀[38;2;148;104;84m▀[38;2;152;108;88m[48;2;144;108;84m▀[38;2;152;104;84m[48;2;148;100;84m▀[38;2;152;108;88m▀[38;2;148;104;84m[48;2;140;92;80m▀[38;2;144;100;80m[48;2;144;100;84m▀[38;2;148;100;84m[48;2;148;104;88m▀[38;2;144;96;84m[48;2;144;96;80m▀[38;2;140;92;80m[48;2;140;92;76m▀[38;2;132;88;72m[48;2;132;88;76m▀[48;2;128;84;72m▀[38;2;124;84;68m[48;2;124;84;68m▀[38;2;124;80;64m[48;2;128;84;68m▀[38;2;124;80;68m[48;2;124;80;64m▀[38;2;128;84;68m[48;2;128;80;64m▀[48;2;132;88;68m▀[38;2;128;84;72m[48;2;128;84;68m▀[38;2;132;92;76m[48;2;132;88;72m▀[38;2;140;96;80m▀[38;2;148;104;92m[48;2;128;84;72m▀[38;2;188;144;120m[48;2;136;96;76m▀[38;2;236;184;156m[48;2;160;120;96m▀[38;2;255;244;216m[48;2;208;160;136m▀[38;2;255;248;216m[48;2;248;236;212m▀[38;2;164;128;96m[48;2;204;180;152m▀[38;2;184;160;120m[48;2;200;164;120m▀[38;2;212;132;112m[48;2;216;144;124m▀[38;2;168;168;84m[48;2;128;144;76m▀[38;2;168;188;92m[48;2;164;180;92m▀[38;2;152;120;72m[48;2;192;148;80m▀[38;2;176;128;80m[48;2;164;108;60m▀[38;2;168;112;68m[48;2;184;128;84m▀[38;2;192;140;96m[48;2;192;136;92m▀[38;2;172;112;80m[48;2;192;124;80m▀[38;2;168;104;72m[48;2;132;68;32m▀[38;2;116;72;40m[48;2;96;52;28m▀[38;2;168;124;92m[48;2;168;116;88m▀[38;2;204;152;128m[48;2;212;156;132m▀[38;2;200;156;132m[48;2;208;164;144m▀[38;2;224;180;168m[48;2;200;156;144m▀[38;2;212;172;160m[48;2;196;152;140m▀[38;2;204;160;148m[48;2;184;144;128m▀[38;2;200;152;136m[48;2;184;136;120m▀[38;2;192;144;128m▀[38;2;192;144;132m[48;2;188;140;128m▀[38;2;196;148;136m[48;2;192;140;132m▀▀[48;2;192;144;128m▀[38;2;196;144;132m[48;2;192;140;128m▀[38;2;196;140;132m[48;2;192;140;124m▀[38;2;192;140;128m[48;2;188;136;120m▀[38;2;184;132;120m[48;2;180;128;116m▀[38;2;184;128;120m[48;2;180;124;112m▀[48;2;180;128;112m▀[38;2;188;128;120m[48;2;184;132;116m▀[38;2;184;128;120m[48;2;180;128;116m▀[38;2;176;124;112m[48;2;180;128;112m▀[38;2;168;116;100m[48;2;176;124;112m▀[38;2;144;92;76m[48;2;168;116;104m▀[38;2;104;60;36m[48;2;136;84;68m▀[38;2;76;40;12m[48;2;108;60;36m▀[38;2;80;44;4m[48;2;92;44;20m▀[38;2;80;40;20m[48;2;60;20;4m▀[38;2;60;20;8m[48;2;64;24;0m▀[38;2;64;36;4m[48;2;68;36;4m▀[38;2;56;24;4m[48;2;56;20;0m▀[38;2;48;12;0m[48;2;48;8;0m▀[38;2;40;12;0m[48;2;48;12;0m▀[38;2;56;24;4m[48;2;60;20;0m▀[0m
[38;2;128;76;52m[48;2;140;88;68m▀[38;2;128;76;60m[48;2;132;80;60m▀[38;2;100;52;40m[48;2;128;76;60m▀[38;2;96;64;40m[48;2;108;68;48m▀[38;2;88;64;36m[48;2;76;56;28m▀[38;2;80;60;32m[48;2;84;64;36m▀[38;2;108;76;48m[48;2;112;80;52m▀[38;2;136;96;64m[48;2;140;96;68m▀[38;2;136;92;68m[48;2;136;96;68m▀[38;2;140;100;76m[48;2;140;96;76m▀[38;2;144;100;80m[48;2;124;84;64m▀[38;2;140;96;80m[48;2;112;72;56m▀[38;2;140;100;80m[48;2;96;64;48m▀[38;2;132;92;72m[48;2;84;52;36m▀[38;2;124;80;64m[48;2;76;44;32m▀[38;2;116;76;60m[48;2;64;32;24m▀[38;2;128;84;72m[48;2;60;28;20m▀[38;2;136;92;76m[48;2;60;32;20m▀[38;2;132;88;68m[48;2;52;24;16m▀[48;2;48;20;12m▀[38;2;120;76;60m[48;2;56;24;16m▀[38;2;116;72;56m[48;2;72;40;24m▀[38;2;120;76;60m[48;2;104;64;44m▀[38;2;124;76;60m[48;2;120;72;56m▀[38;2;124;80;56m[48;2;124;76;56m▀[38;2;128;80;60m[48;2;116;68;48m▀[38;2;120;76;56m[48;2;76;32;20m▀[38;2;104;60;44m[48;2;44;20;12m▀[38;2;88;52;40m[48;2;36;20;12m▀[38;2;76;48;36m[48;2;48;24;16m▀[38;2;64;36;28m[48;2;60;32;20m▀[38;2;68;40;28m[48;2;72;44;28m▀[38;2;84;60;40m[48;2;88;60;40m▀[38;2;112;80;60m[48;2;116;84;64m▀[38;2;212;188;156m[48;2;200;176;136m▀[38;2;244;224;192m[48;2;248;228;200m▀[38;2;208;160;124m[48;2;200;148;116m▀[38;2;232;172;148m[48;2;232;180;148m▀[38;2;132;144;80m[48;2;140;148;84m▀[38;2;132;144;68m[48;2;136;144;76m▀[38;2;108;76;40m[48;2;140;104;60m▀[38;2;144;100;68m[48;2;164;112;84m▀[38;2;196;132;88m[48;2;164;100;56m▀[38;2;180;116;72m[48;2;144;84;44m▀[38;2;156;88;48m[48;2;128;72;36m▀[38;2;104;48;20m[48;2;104;52;20m▀[38;2;68;28;12m[48;2;72;32;16m▀[38;2;176;120;96m[48;2;184;132;104m▀[38;2;188;136;116m[48;2;180;128;104m▀[38;2;140;104;84m[48;2;164;112;92m▀[38;2;108;76;60m[48;2;156;108;88m▀[38;2;92;60;48m[48;2;132;84;68m▀[38;2;88;52;44m[48;2;112;68;56m▀[48;2;108;64;48m▀[38;2;108;64;52m[48;2;100;52;36m▀[38;2;140;96;80m[48;2;92;48;32m▀[38;2;176;120;104m[48;2;124;72;60m▀[38;2;188;132;116m[48;2;176;116;100m▀[38;2;184;132;120m[48;2;184;124;112m▀[48;2;180;124;112m▀[38;2;188;132;116m[48;2;180;124;104m▀[38;2;184;128;112m[48;2;156;100;84m▀[48;2;124;76;60m▀[38;2;176;120;100m[48;2;96;52;40m▀[38;2;176;120;104m[48;2;88;44;32m▀[38;2;176;120;108m[48;2;84;44;32m▀[38;2;176;124;108m[48;2;84;44;36m▀[38;2;180;132;116m[48;2;96;60;48m▀[38;2;180;132;120m[48;2;104;64;52m▀[38;2;168;116;104m[48;2;112;72;60m▀[38;2;136;88;64m[48;2;116;72;56m▀[38;2;116;64;40m[48;2;116;64;44m▀[38;2;92;40;20m[48;2;96;48;28m▀[38;2;80;32;12m[48;2;84;36;16m▀[38;2;76;32;8m[48;2;88;40;16m▀[38;2;60;24;0m[48;2;72;32;4m▀[38;2;44;12;0m[48;2;44;8;0m▀[38;2;40;8;0m[48;2;40;12;0m▀[38;2;48;12;0m[48;2;52;16;4m▀[48;2;28;4;0m▀[0m
[38;2;144;92;72m[48;2;148;88;76m▀[38;2;136;80;68m[48;2;132;68;56m▀[38;2;132;76;60m[48;2;104;44;40m▀[38;2;108;64;40m[48;2;104;56;40m▀[38;2;76;56;28m[48;2;72;48;20m▀[38;2;84;60;36m[48;2;76;52;32m▀[38;2;112;80;56m[48;2;104;72;52m▀[38;2;140;96;72m[48;2;144;100;72m▀[38;2;144;100;76m[48;2;144;104;76m▀[38;2;136;96;72m[48;2;136;92;72m▀[38;2;108;72;48m[48;2;128;84;64m▀[38;2;100;64;44m[48;2;120;76;52m▀[38;2;96;64;44m[48;2;96;52;32m▀[38;2;92;56;36m[48;2;68;32;20m▀[38;2;80;40;24m[48;2;60;36;24m▀[38;2;56;24;12m[48;2;40;28;20m▀[38;2;36;12;4m[48;2;20;12;4m▀[38;2;28;4;0m[48;2;36;28;20m▀[38;2;32;4;0m[48;2;52;20;16m▀[38;2;40;8;4m[48;2;60;16;12m▀[38;2;52;16;8m[48;2;76;32;24m▀[38;2;68;32;16m[48;2;84;40;28m▀[38;2;104;60;40m[48;2;112;64;48m▀[38;2;124;84;60m[48;2;132;92;72m▀[38;2;116;76;52m[48;2;116;76;60m▀[38;2;88;48;28m[48;2;76;40;24m▀[38;2;60;24;12m[48;2;68;32;20m▀[38;2;60;24;20m[48;2;72;32;28m▀[38;2;76;48;40m[48;2;84;48;44m▀[38;2;60;44;40m[48;2;84;52;52m▀[38;2;32;24;16m[48;2;72;44;40m▀[38;2;40;28;24m[48;2;84;52;44m▀[38;2;64;44;32m[48;2;108;84;64m▀[38;2;92;68;48m[48;2;156;124;104m▀[38;2;192;160;128m[48;2;240;216;180m▀[38;2;252;240;208m[48;2;248;240;212m▀[38;2;188;136;100m[48;2;188;132;108m▀[38;2;228;168;144m[48;2;216;164;136m▀[38;2;156;168;96m[48;2;160;176;92m▀[38;2;124;140;72m[48;2;144;152;68m▀[38;2;136;104;60m[48;2;116;80;36m▀[38;2;156;100;64m[48;2;96;60;36m▀[38;2;120;68;36m[48;2;104;52;24m▀[38;2;124;68;28m[48;2;104;52;16m▀[38;2;124;68;32m[48;2;100;48;16m▀[38;2;80;28;8m[48;2;80;32;4m▀[38;2;88;48;28m[48;2;124;76;56m▀[38;2;196;144;116m[48;2;212;156;132m▀[38;2;160;100;76m[48;2;156;100;80m▀[38;2;144;92;72m[48;2;112;68;48m▀[38;2;120;76;56m[48;2;64;28;20m▀[38;2;96;56;44m[48;2;52;24;16m▀[38;2;92;52;40m[48;2;52;20;12m▀[38;2;96;52;40m[48;2;64;36;24m▀[38;2;104;56;40m[48;2;88;48;40m▀[38;2;120;72;56m[48;2;88;44;32m▀[38;2;128;80;60m[48;2;120;76;60m▀[38;2;168;112;92m[48;2;160;108;88m▀[38;2;184;128;112m[48;2;188;136;116m▀[38;2;180;128;112m[48;2;184;128;112m▀[38;2;172;116;96m[48;2;172;112;92m▀[38;2;132;76;60m[48;2;136;80;60m▀[38;2;92;48;32m[48;2;112;60;44m▀[38;2;88;44;28m[48;2;100;48;36m▀[48;2;96;48;36m▀[38;2;92;48;28m[48;2;100;52;36m▀[38;2;100;56;36m[48;2;112;68;48m▀[38;2;112;72;52m[48;2;136;88;68m▀[38;2;136;88;72m[48;2;156;100;84m▀[38;2;148;100;84m▀[38;2;124;76;56m[48;2;148;92;68m▀[38;2;108;56;36m[48;2;128;72;48m▀[48;2;120;72;44m▀[38;2;88;40;20m[48;2;100;52;32m▀[38;2;84;40;16m[48;2;80;36;12m▀[48;2;84;40;16m▀[38;2;48;16;4m[48;2;64;28;8m▀[38;2;40;8;0m[48;2;44;12;0m▀[38;2;36;8;0m[48;2;44;12;4m▀[48;2;52;16;4m▀[0m
[38;2;136;72;64m[48;2;136;72;64m▀[38;2;116;52;44m[48;2;116;48;48m▀[38;2;104;52;44m[48;2;112;56;52m▀[38;2;120;68;56m[48;2;136;88;76m▀[38;2;88;56;32m[48;2;124;76;56m▀[38;2;68;48;24m[48;2;64;40;20m▀[38;2;108;72;52m[48;2;108;72;48m▀[38;2;144;108;76m[48;2;144;104;76m▀[38;2;148;108;76m[48;2;148;108;76m▀[38;2;140;100;76m[48;2;152;104;84m▀[38;2;128;84;64m[48;2;148;100;84m▀[38;2;112;68;52m[48;2;140;96;80m▀[38;2;92;56;40m[48;2;132;88;72m▀[38;2;76;44;28m[48;2;120;76;60m▀[38;2;84;52;48m[48;2;108;60;44m▀[38;2;80;56;52m[48;2;100;52;40m▀[38;2;56;32;28m[48;2;96;52;40m▀[38;2;68;36;28m[48;2;92;48;36m▀[38;2;68;28;24m▀[38;2;76;32;24m[48;2;92;52;40m▀[38;2;84;44;32m[48;2;88;48;32m▀[38;2;84;44;28m[48;2;108;60;48m▀[38;2;120;76;56m[48;2;144;96;80m▀[38;2;132;84;72m[48;2;144;96;84m▀[38;2;120;80;68m[48;2;136;96;84m▀[38;2;88;48;32m[48;2;116;80;64m▀[38;2;80;44;28m[48;2;92;52;44m▀[38;2;92;52;44m[48;2;92;56;44m▀[38;2;96;52;44m[48;2;100;60;48m▀[38;2;100;56;44m[48;2;108;60;48m▀[48;2;112;64;52m▀[38;2;104;64;48m[48;2;116;72;60m▀[38;2;128;96;76m[48;2;132;88;76m▀[38;2;212;172;144m[48;2;192;148;128m▀[38;2;255;228;196m[48;2;252;212;184m▀[38;2;244;244;220m[48;2;255;255;232m▀[38;2;184;120;108m[48;2;232;204;188m▀[38;2;180;156;108m[48;2;124;132;80m▀[38;2;132;152;76m[48;2;104;132;68m▀[38;2;152;156;84m[48;2;160;168;80m▀[38;2;128;96;56m[48;2;108;76;24m▀[38;2;156;112;76m[48;2;100;60;24m▀[38;2;104;56;20m[48;2;88;52;16m▀[38;2;96;44;12m[48;2;76;28;4m▀[38;2;104;48;16m[48;2;92;36;8m▀[38;2;92;36;8m[48;2;92;32;0m▀[38;2;128;80;56m[48;2;124;80;60m▀[38;2;220;168;144m[48;2;232;176;156m▀[38;2;176;120;104m[48;2;192;136;120m▀[38;2;148;100;84m[48;2;188;136;120m▀[38;2;108;68;56m[48;2;156;112;96m▀[38;2;92;60;48m[48;2;128;84;72m▀[38;2;68;32;20m[48;2;120;76;68m▀[38;2;96;64;52m[48;2;116;72;60m▀[38;2;120;88;88m[48;2;116;68;56m▀[38;2;84;44;36m[48;2;116;76;68m▀[38;2;112;68;52m[48;2;132;92;80m▀[38;2;164;116;96m[48;2;176;128;112m▀[38;2;192;136;124m[48;2;188;136;128m▀[38;2;188;136;120m[48;2;188;132;120m▀[38;2;172;112;96m[48;2;172;112;96m▀[38;2;128;76;60m[48;2;144;92;76m▀[38;2;88;40;28m[48;2;96;52;40m▀[38;2;68;20;16m[48;2;88;44;36m▀[38;2;56;20;12m[48;2;88;48;44m▀[38;2;48;20;16m[48;2;60;20;16m▀[38;2;48;20;8m[48;2;88;56;40m▀[38;2;68;32;20m[48;2;92;60;56m▀[38;2;88;48;36m[48;2;68;24;16m▀[38;2;112;60;44m[48;2;84;40;28m▀[38;2;120;64;44m[48;2;116;68;44m▀[38;2;120;68;40m[48;2;128;76;52m▀[38;2;120;68;44m[48;2;120;68;52m▀[38;2;124;68;48m▀[38;2;104;48;32m[48;2;124;64;48m▀[38;2;76;24;8m[48;2;60;12;8m▀[38;2;60;16;0m[48;2;48;4;0m▀[38;2;40;8;0m[48;2;28;0;0m▀[38;2;44;8;4m[48;2;52;16;4m▀[38;2;36;4;0m[48;2;72;28;4m▀[0m
[38;2;144;84;68m[48;2;132;116;72m▀[38;2;140;72;68m[48;2;144;72;72m▀[38;2;116;56;56m[48;2;160;108;92m▀[38;2;116;64;56m[48;2;144;84;72m▀[38;2;128;72;56m[48;2;116;56;48m▀[38;2;88;48;28m[48;2;128;80;56m▀[38;2;104;68;44m[48;2;120;84;52m▀[38;2;144;100;68m[48;2;136;96;60m▀[38;2;144;104;76m[48;2;144;104;72m▀[38;2;152;108;88m[48;2;152;104;84m▀[38;2;156;104;88m[48;2;152;100;88m▀[38;2;148;96;84m[48;2;152;96;88m▀[38;2;136;88;72m[48;2;144;92;80m▀[38;2;124;80;64m[48;2;136;88;76m▀[38;2;120;72;60m[48;2;132;84;72m▀[38;2;112;68;52m[48;2;128;80;68m▀[38;2;108;68;56m[48;2;120;76;64m▀[38;2;104;64;52m[48;2;120;76;60m▀[38;2;100;60;44m[48;2;124;80;64m▀[38;2;104;60;44m[48;2;132;84;72m▀[38;2;120;76;60m[48;2;144;96;80m▀[38;2;140;92;76m[48;2;152;104;88m▀[38;2;156;108;88m[48;2;160;112;92m▀[38;2;148;100;84m[48;2;144;96;84m▀[38;2;140;96;84m[48;2;140;92;84m▀[38;2;136;100;84m[48;2;140;108;92m▀[38;2;128;88;72m[48;2;136;104;84m▀[38;2;116;80;68m[48;2;124;84;72m▀[38;2;112;76;64m[48;2;124;80;68m▀[38;2;120;76;68m[48;2;132;88;80m▀[38;2;128;76;72m[48;2;136;92;84m▀[38;2;132;84;76m[48;2;140;88;80m▀[38;2;136;92;80m[48;2;140;92;80m▀[38;2;172;128;108m[48;2;164;120;104m▀[38;2;236;192;164m[48;2;212;172;144m▀[38;2;252;216;184m[48;2;220;156;136m▀[38;2;224;204;184m[48;2;196;164;112m▀[38;2;104;124;76m[48;2;188;208;116m▀[38;2;132;156;80m[48;2;196;208;76m▀[38;2;184;196;76m[48;2;136;148;48m▀[38;2;136;92;28m[48;2;64;44;20m▀[38;2;92;52;20m[48;2;128;88;32m▀[38;2;96;60;20m[48;2;120;68;20m▀[38;2;88;40;4m[48;2;76;36;8m▀[38;2;64;12;0m[48;2;56;12;0m▀[38;2;80;28;4m[48;2;80;28;4m▀[38;2;136;88;60m[48;2;124;72;44m▀[38;2;236;176;156m[48;2;216;160;144m▀[38;2;216;160;144m[48;2;224;164;152m▀[38;2;196;148;132m[48;2;208;156;144m▀[38;2;188;140;128m[48;2;200;152;140m▀[38;2;172;124;108m[48;2;188;140;128m▀[38;2;156;108;92m[48;2;180;132;120m▀[38;2;140;96;84m[48;2;172;128;116m▀[38;2;140;96;88m[48;2;176;128;120m▀[38;2;152;108;100m[48;2;184;136;124m▀[38;2;168;120;108m[48;2;192;144;128m▀[38;2;188;140;128m[48;2;200;152;140m▀[38;2;188;136;128m[48;2;196;144;136m▀[38;2;188;132;124m[48;2;188;132;124m▀[38;2;180;120;104m[48;2;188;132;116m▀[38;2;168;112;96m[48;2;188;136;120m▀[38;2;136;92;72m[48;2;176;120;108m▀[38;2;124;76;68m[48;2;152;104;92m▀[38;2;120;72;60m[48;2;140;92;80m▀[38;2;116;68;52m[48;2;144;88;80m▀[38;2;120;68;56m[48;2;148;92;76m▀[38;2;128;72;60m[48;2;152;96;80m▀[38;2;120;72;56m[48;2;156;100;84m▀[38;2;128;80;60m[48;2;160;104;88m▀[38;2;136;84;68m[48;2;156;100;84m▀[38;2;144;88;68m[48;2;144;88;72m▀[38;2;128;72;56m[48;2;120;64;48m▀[38;2;112;60;44m[48;2;92;36;20m▀[38;2;84;28;16m[48;2;84;32;8m▀[38;2;72;16;0m[48;2;104;48;20m▀[38;2;48;8;0m[48;2;36;8;4m▀[38;2;40;12;4m[48;2;76;28;4m▀[38;2;72;28;4m[48;2;32;8;4m▀[38;2;76;32;4m[48;2;60;28;12m▀[0m
[38;2;112;116;36m[48;2;96;100;20m▀[38;2;136;88;76m[48;2;84;64;36m▀[38;2;156;100;92m[48;2;144;84;76m▀[38;2;148;92;76m[48;2;136;80;68m▀[38;2;132;72;56m▀[38;2;128;76;56m[48;2;132;80;64m▀[38;2;128;88;56m[48;2;128;88;60m▀[38;2;132;92;56m[48;2;132;92;56m▀[38;2;140;100;72m[48;2;136;92;64m▀[38;2;148;104;80m[48;2;148;100;80m▀[38;2;152;100;84m[48;2;152;96;80m▀[38;2;152;96;88m[48;2;148;92;80m▀[38;2;148;92;84m[48;2;144;88;80m▀[38;2;144;88;80m▀[38;2;140;88;76m[48;2;144;92;80m▀[48;2;140;88;76m▀[38;2;140;92;80m[48;2;144;92;80m▀[38;2;140;88;76m[48;2;140;88;76m▀[38;2;136;84;72m[48;2;136;80;72m▀[38;2;140;92;76m[48;2;136;88;72m▀[38;2;148;100;84m[48;2;148;100;88m▀[38;2;156;112;96m[48;2;152;104;88m▀[38;2;156;108;92m[48;2;152;100;88m▀[38;2;148;100;84m[48;2;148;100;88m▀[38;2;144;100;92m[48;2;152;108;100m▀[38;2;156;128;112m[48;2;168;140;132m▀[38;2;148;120;104m[48;2;156;132;116m▀[38;2;120;80;68m[48;2;120;80;72m▀[38;2;120;72;60m[48;2;112;64;48m▀[38;2;124;84;72m[48;2;124;76;64m▀[38;2;132;84;72m[48;2;128;80;68m▀[38;2;132;84;76m▀[38;2;140;92;80m[48;2;136;88;76m▀[38;2;160;116;100m[48;2;144;104;88m▀[38;2;196;152;124m[48;2;176;136;104m▀[38;2;172;136;104m[48;2;136;152;88m▀[38;2;148;164;80m[48;2;112;136;76m▀[38;2;204;216;64m[48;2;148;156;72m▀[38;2;148;160;48m[48;2;132;144;64m▀[38;2;112;132;64m[48;2;140;160;88m▀[38;2;104;76;44m[48;2;164;124;88m▀[38;2;96;56;16m[48;2;88;40;16m▀[38;2;108;64;32m[48;2;96;56;24m▀[38;2;92;52;20m[48;2;92;44;12m▀[38;2;84;36;8m[48;2;72;28;8m▀[38;2;88;36;4m[48;2;88;32;4m▀[38;2;100;52;32m[48;2;100;52;28m▀[38;2;192;136;112m[48;2;180;124;104m▀[38;2;204;148;132m[48;2;200;140;128m▀[38;2;200;148;136m[48;2;196;144;128m▀[38;2;196;144;132m[48;2;196;136;128m▀[38;2;192;140;132m[48;2;196;136;136m▀[38;2;184;136;128m[48;2;192;136;136m▀[38;2;192;140;132m[48;2;196;140;136m▀[38;2;192;144;132m[48;2;188;136;124m▀[38;2;196;148;132m[48;2;192;140;120m▀[38;2;204;160;148m[48;2;216;172;160m▀[38;2;204;156;156m[48;2;204;156;160m▀[38;2;196;144;140m[48;2;200;148;140m▀[38;2;188;136;124m[48;2;188;136;124m▀[38;2;188;132;120m[48;2;184;132;120m▀[38;2;196;144;128m[48;2;192;144;128m▀[38;2;188;136;124m[48;2;188;132;120m▀[38;2;184;128;116m[48;2;188;128;120m▀[38;2;172;116;104m▀[38;2;168;112;100m[48;2;180;120;112m▀[38;2;172;112;100m[48;2;176;116;108m▀[38;2;176;112;104m[48;2;180;116;108m▀[38;2;172;112;96m▀[38;2;168;108;92m[48;2;180;116;104m▀[38;2;164;104;88m[48;2;168;108;96m▀[38;2;140;84;68m[48;2;132;72;60m▀[38;2;96;40;28m[48;2;88;32;20m▀[38;2;76;24;8m[48;2;72;24;8m▀[38;2;100;44;24m[48;2;112;52;32m▀[38;2;112;56;40m[48;2;100;48;32m▀[38;2;32;4;0m[48;2;32;0;0m▀[38;2;72;24;4m[48;2;76;24;4m▀[38;2;76;32;4m[48;2;100;48;8m▀[38;2;92;44;8m[48;2;68;32;8m▀[0m
[38;2;72;64;12m[48;2;80;64;4m▀[38;2;88;84;32m[48;2;84;84;32m▀[38;2;156;124;64m[48;2;212;224;116m▀[38;2;132;64;64m[48;2;156;136;80m▀[38;2;132;72;68m[48;2;132;92;52m▀[38;2;120;60;56m[48;2;128;96;52m▀[38;2;116;68;52m[48;2;120;92;52m▀[38;2;136;92;60m[48;2;132;92;56m▀[38;2;140;92;64m[48;2;140;96;64m▀[38;2;140;92;72m[48;2;140;92;68m▀[38;2;144;92;76m[48;2;140;84;72m▀[38;2;144;84;76m[48;2;144;84;72m▀[38;2;144;88;80m[48;2;144;88;76m▀[38;2;148;92;80m▀[38;2;144;88;76m▀[48;2;144;84;76m▀[38;2;140;88;76m[48;2;136;84;72m▀▀[38;2;136;80;72m[48;2;128;80;68m▀[38;2;136;84;72m[48;2;132;84;68m▀[38;2;140;92;80m[48;2;152;100;88m▀[38;2;140;92;76m[48;2;148;96;84m▀[38;2;152;104;88m[48;2;156;104;88m▀[38;2;152;104;92m[48;2;148;96;88m▀[38;2;148;100;96m[48;2;144;92;80m▀[38;2;172;140;132m[48;2;152;108;96m▀[38;2;172;148;136m[48;2;168;136;124m▀[38;2;144;112;104m[48;2;148;112;96m▀[38;2;108;60;48m[48;2;112;64;52m▀[38;2;120;72;60m[48;2;120;64;56m▀[38;2;128;76;68m[48;2;124;72;60m▀[38;2;124;76;64m[48;2;128;76;64m▀[38;2;136;88;72m[48;2;132;88;72m▀[38;2;140;96;76m[48;2;152;108;84m▀[38;2;176;148;108m[48;2;196;168;116m▀[38;2;132;148;84m[48;2;128;144;72m▀[38;2;124;144;80m[48;2;120;140;72m▀[38;2;132;144;88m[48;2;172;200;152m▀[38;2;124;136;60m[48;2;144;168;96m▀[38;2;148;160;72m[48;2;140;156;56m▀[38;2;136;96;64m[48;2;108;76;32m▀[38;2;92;48;20m[48;2;116;72;28m▀[38;2;96;56;20m[48;2;104;64;20m▀[38;2;92;44;16m[48;2;64;32;8m▀[38;2;68;32;8m[48;2;112;56;12m▀[38;2;88;32;4m[48;2;88;32;4m▀[38;2;96;44;24m[48;2;100;52;24m▀[38;2;172;120;96m[48;2;168;120;88m▀[38;2;196;140;120m[48;2;188;128;108m▀[38;2;196;144;128m[48;2;196;136;120m▀[38;2;200;140;132m[48;2;196;140;124m▀[38;2;196;140;132m[48;2;192;136;128m▀[48;2;192;136;124m▀[38;2;196;136;128m[48;2;184;124;112m▀[38;2;176;120;112m[48;2;172;112;104m▀[38;2;188;140;124m[48;2;208;160;144m▀[38;2;216;172;168m[48;2;204;152;140m▀[38;2;200;152;148m[48;2;192;136;124m▀[38;2;200;152;144m[48;2;200;140;128m▀[38;2;192;140;128m[48;2;204;144;132m▀[38;2;180;128;116m[48;2;184;128;120m▀[38;2;176;124;112m[48;2;168;116;108m▀[38;2;176;120;104m[48;2;156;100;84m▀[38;2;184;128;116m[48;2;176;120;104m▀[38;2;188;132;120m[48;2;184;128;120m▀[38;2;184;124;116m[48;2;188;124;116m▀[38;2;184;120;116m[48;2;184;120;116m▀[38;2;180;120;112m[48;2;180;120;112m▀[38;2;180;116;112m▀[38;2;180;116;108m[48;2;176;112;104m▀[38;2;160;100;88m[48;2;148;88;72m▀[38;2;128;68;52m[48;2;136;72;52m▀[38;2;104;44;32m[48;2;120;60;40m▀[38;2;84;32;16m[48;2;104;52;28m▀[38;2;104;52;28m[48;2;104;56;32m▀[38;2;88;40;28m[48;2;80;32;20m▀[38;2;48;8;0m[48;2;72;20;4m▀[38;2;72;20;4m[48;2;52;16;4m▀[38;2;68;32;8m[48;2;60;24;8m▀[38;2;36;16;8m[48;2;112;64;16m▀[0m
[38;2;104;104;28m[48;2;92;104;56m▀[38;2;68;64;20m[48;2;84;80;36m▀[38;2;172;196;108m[48;2;184;192;116m▀[38;2;220;244;160m[48;2;176;188;112m▀[38;2;168;184;84m[48;2;132;148;40m▀[38;2;156;172;72m[48;2;152;168;72m▀[38;2;120;120;60m[48;2;156;160;76m▀[38;2;128;92;52m[48;2;124;92;48m▀[38;2;140;96;64m[48;2;140;96;64m▀[38;2;140;92;68m[48;2;140;88;68m▀[38;2;140;84;72m[48;2;140;84;68m▀[38;2;144;84;72m[48;2;144;88;72m▀▀[38;2;140;84;72m▀[38;2;144;84;76m[48;2;140;84;72m▀[38;2;140;80;72m[48;2;132;76;68m▀[38;2;128;76;64m[48;2;124;72;60m▀[38;2;124;76;60m[48;2;120;72;56m▀[38;2;124;76;64m[48;2;124;76;64m▀[38;2;120;72;56m[48;2;128;76;64m▀[38;2;128;80;64m[48;2;112;60;52m▀[38;2;132;80;64m[48;2;100;52;40m▀[38;2;128;76;64m[48;2;108;60;48m▀[38;2;136;84;72m[48;2;108;56;44m▀[38;2;128;76;64m[48;2;104;52;40m▀[48;2;104;56;40m▀[38;2;120;76;64m[48;2;96;56;44m▀[38;2;116;72;60m[48;2;116;76;64m▀[48;2;120;76;64m▀[38;2;120;68;56m[48;2;120;72;60m▀[38;2;124;72;60m[48;2;124;76;64m▀[38;2;132;84;72m[48;2;140;92;76m▀[38;2;140;100;80m[48;2;172;128;100m▀[38;2;188;140;112m[48;2;216;160;128m▀[38;2;196;176;104m[48;2;224;208;116m▀[38;2;132;152;64m[48;2;168;188;112m▀[38;2;92;124;60m[48;2;116;136;80m▀[38;2;136;160;108m[48;2;156;164;80m▀[38;2;176;196;120m[48;2;176;184;60m▀[38;2;136;152;56m[48;2;124;148;44m▀[38;2;132;96;24m[48;2;152;112;36m▀[38;2;104;60;12m[48;2;120;76;12m▀[38;2;96;56;12m[48;2;84;48;4m▀[38;2;108;60;16m[48;2;88;40;12m▀[38;2;80;36;8m[48;2;80;40;8m▀[38;2;92;40;8m[48;2;104;48;12m▀[38;2;112;56;24m[48;2;104;52;20m▀[38;2;168;120;88m[48;2;168;124;92m▀[38;2;184;124;100m[48;2;184;132;100m▀[38;2;188;132;116m[48;2;188;132;108m▀[38;2;192;136;120m[48;2;188;128;116m▀[38;2;192;136;124m[48;2;184;128;112m▀[38;2;188;128;116m[48;2;184;124;112m▀[38;2;176;116;104m[48;2;184;128;116m▀[38;2;184;136;120m[48;2;184;136;124m▀[38;2;168;116;100m[48;2;164;116;108m▀[38;2;152;92;76m[48;2;156;100;88m▀[38;2;180;112;96m[48;2;160;96;72m▀[38;2;180;112;92m[48;2;164;96;76m▀[38;2;152;84;68m[48;2;132;68;60m▀[38;2;172;104;88m[48;2;136;72;56m▀[38;2;172;112;100m[48;2;156;96;84m▀[38;2;144;88;76m[48;2;160;104;96m▀[38;2;164;108;92m[48;2;164;108;96m▀[38;2;180;120;112m[48;2;176;120;108m▀[38;2;184;124;116m[48;2;180;120;108m▀[38;2;184;120;112m[48;2;180;116;104m▀[48;2;180;120;104m▀[38;2;180;116;108m[48;2;176;112;100m▀[38;2;172;108;96m[48;2;160;100;84m▀[38;2;144;84;68m[48;2;140;76;60m▀[38;2;132;68;52m[48;2;124;60;40m▀[38;2;128;64;48m[48;2;132;68;48m▀[38;2;108;52;32m[48;2;124;64;44m▀[38;2;108;52;28m[48;2;112;52;28m▀[38;2;84;32;12m[48;2;88;32;8m▀[38;2;68;16;4m[48;2;80;24;4m▀[38;2;84;32;8m[48;2;96;44;8m▀[38;2;76;32;8m[48;2;56;24;4m▀[38;2;88;48;8m[48;2;56;28;8m▀[0m
[38;2;112;108;56m[48;2;116;116;56m▀[38;2;68;64;24m[48;2;100;92;36m▀[38;2;164;172;116m[48;2;160;176;92m▀[38;2;148;164;56m[48;2;180;192;100m▀[38;2;160;176;44m[48;2;184;196;96m▀[38;2;192;200;100m[48;2;196;204;100m▀[38;2;176;188;84m[48;2;156;172;76m▀[38;2;124;104;56m[48;2;132;132;68m▀[38;2;140;96;64m[48;2;132;92;56m▀[38;2;144;92;68m[48;2;144;92;68m▀[38;2;140;80;64m[48;2;140;84;64m▀[38;2;144;88;68m[48;2;144;88;72m▀[38;2;144;88;72m[48;2;148;92;76m▀[48;2;144;88;72m▀[38;2;140;84;68m[48;2;140;84;68m▀[38;2;132;76;64m[48;2;124;68;60m▀[38;2;116;64;52m[48;2;116;64;52m▀[38;2;120;72;56m[48;2;128;80;64m▀[38;2;132;80;68m[48;2;136;88;72m▀[38;2;136;84;72m[48;2;136;92;72m▀[38;2;128;80;68m[48;2;136;88;72m▀[38;2;124;76;60m[48;2;124;76;64m▀[38;2;120;72;56m[48;2;116;68;56m▀[38;2;100;52;36m[48;2;104;56;40m▀[48;2;108;60;44m▀[38;2;104;60;44m[48;2;116;64;52m▀[38;2;116;76;60m[48;2;120;76;60m▀[38;2;128;88;72m[48;2;128;88;72m▀[38;2;124;84;68m▀[38;2;120;76;60m[48;2;124;80;64m▀[38;2;124;76;64m[48;2;116;72;56m▀[38;2;140;96;76m[48;2;132;88;72m▀[38;2;196;148;120m[48;2;196;148;120m▀[38;2;240;184;136m[48;2;228;180;128m▀[38;2;164;164;72m[48;2;108;120;44m▀[38;2;172;192;100m[48;2;148;164;72m▀[38;2;184;192;80m[48;2;192;200;76m▀[38;2;200;208;96m[48;2;212;220;96m▀[38;2;196;204;68m[48;2;172;184;68m▀[38;2;124;144;48m[48;2;128;148;64m▀[38;2;152;148;64m[48;2;164;180;96m▀[38;2;144;92;24m[48;2;160;152;68m▀[38;2;116;64;8m[48;2;140;96;24m▀[38;2;72;28;0m[48;2;92;48;4m▀[38;2;120;68;20m[48;2;104;52;0m▀[38;2;104;44;12m[48;2;80;28;0m▀[38;2;84;32;4m[48;2;128;84;40m▀[38;2;172;128;88m[48;2;184;144;104m▀[38;2;188;136;108m[48;2;192;140;108m▀[38;2;188;128;104m[48;2;188;128;104m▀[38;2;188;128;108m[48;2;184;124;100m▀[38;2;184;120;104m[48;2;180;120;100m▀[38;2;180;120;104m[48;2;176;120;100m▀[38;2;180;128;116m[48;2;176;124;108m▀[38;2;180;132;120m[48;2;180;136;120m▀[38;2;176;132;120m[48;2;180;136;124m▀[38;2;168;116;100m[48;2;172;120;112m▀[38;2;144;84;64m[48;2;156;92;84m▀[48;2;156;92;80m▀[38;2;172;112;92m[48;2;168;112;96m▀[38;2;168;112;96m[48;2;168;116;100m▀[38;2;168;112;104m[48;2;172;116;108m▀[38;2;176;120;108m[48;2;172;116;104m▀[38;2;172;116;100m[48;2;172;116;100m▀[38;2;172;112;100m[48;2;172;108;96m▀[38;2;176;112;100m[48;2;172;108;88m▀[38;2;180;112;100m[48;2;176;108;88m▀[38;2;180;116;100m[48;2;176;108;92m▀[38;2;168;104;92m[48;2;160;96;84m▀[38;2;148;88;68m[48;2;144;84;64m▀[38;2;136;72;52m[48;2;136;76;52m▀[38;2;136;72;48m[48;2;136;76;56m▀[38;2;140;80;52m[48;2;148;84;60m▀[38;2;140;80;56m[48;2;152;92;68m▀[38;2;112;56;32m[48;2;112;56;36m▀[38;2;88;36;8m[48;2;80;28;0m▀[38;2;88;32;4m[48;2;76;28;0m▀[38;2;40;8;0m[48;2;84;36;8m▀[38;2;96;48;12m[48;2;64;28;8m▀[38;2;112;60;12m[48;2;88;48;12m▀[0m
[38;2;84;108;64m[48;2;88;116;68m▀[38;2;56;88;56m[48;2;36;76;52m▀[38;2;148;168;80m[48;2;152;176;88m▀[38;2;168;184;96m[48;2;160;176;72m▀[38;2;168;188;68m[48;2;124;144;40m▀[38;2;184;196;72m[48;2;184;200;100m▀[38;2;168;184;32m[48;2;180;196;72m▀[38;2;152;160;48m[48;2;148;168;72m▀[38;2;124;88;52m[48;2;120;104;56m▀[38;2;140;88;60m[48;2;128;84;52m▀[38;2;136;84;60m[48;2;136;84;60m▀[38;2;140;88;68m[48;2;136;84;64m▀[38;2;144;88;72m[48;2;140;88;68m▀[38;2;144;88;68m[48;2;144;88;68m▀[38;2;136;80;64m[48;2;136;80;60m▀[38;2;116;60;48m[48;2;120;64;48m▀[38;2;120;68;56m[48;2;104;56;40m▀[38;2;128;84;64m[48;2;92;44;32m▀[38;2;136;92;68m[48;2;104;56;44m▀[38;2;136;88;68m[48;2;108;52;44m▀[38;2;132;84;68m[48;2;96;40;36m▀[38;2;128;80;64m[48;2;100;40;44m▀[38;2;116;68;56m[48;2;92;32;36m▀[38;2;108;60;48m[48;2;88;28;32m▀[48;2;84;24;32m▀[38;2;108;56;52m[48;2;80;20;28m▀[38;2;112;64;56m▀[38;2;116;68;56m[48;2;76;24;32m▀[38;2;112;72;56m[48;2;84;36;36m▀[38;2;96;52;36m[48;2;96;48;36m▀[38;2;108;60;44m[48;2;104;56;40m▀[38;2;128;80;60m[48;2;124;80;60m▀[38;2;188;144;108m[48;2;180;136;104m▀[38;2;228;176;144m[48;2;192;140;120m▀[38;2;180;164;112m[48;2;212;168;148m▀[38;2;124;140;56m[48;2;164;168;76m▀[38;2;140;152;72m[48;2;156;168;72m▀[38;2;168;176;84m[48;2;120;140;60m▀[38;2;144;160;60m[48;2;120;144;56m▀[38;2;144;160;64m[48;2;136;152;64m▀[38;2;164;180;88m[48;2;144;164;76m▀[38;2;168;192;92m[48;2;184;204;104m▀[38;2;172;172;72m[48;2;172;160;80m▀[38;2;108;76;20m[48;2;172;160;88m▀[38;2;172;148;72m[48;2;236;248;156m▀[38;2;184;168;96m[48;2;248;252;176m▀[38;2;216;200;148m[48;2;208;196;148m▀[38;2;188;152;120m[48;2;156;128;88m▀[38;2;196;148;108m[48;2;200;152;116m▀[38;2;188;132;104m[48;2;188;132;104m▀[38;2;184;120;96m[48;2;180;124;96m▀[38;2;176;116;92m[48;2;172;112;92m▀[38;2;172;116;92m[48;2;148;92;68m▀[38;2;176;120;100m[48;2;120;68;52m▀[38;2;172;124;112m[48;2;100;40;44m▀[38;2;152;96;96m[48;2;104;44;52m▀[38;2;136;76;84m[48;2;116;60;64m▀[38;2;140;76;84m[48;2;120;60;60m▀[38;2;144;76;80m[48;2;116;48;56m▀[38;2;144;80;84m[48;2;116;52;56m▀[38;2;156;96;96m[48;2;112;52;56m▀[38;2;172;120;108m[48;2;124;60;64m▀[48;2;152;96;88m▀[38;2;168;112;96m[48;2;156;100;80m▀[38;2;168;104;92m[48;2;164;100;80m▀[38;2;168;104;84m[48;2;164;100;76m▀[48;2;160;100;76m▀[38;2;164;100;80m[48;2;152;92;72m▀[38;2;148;88;68m[48;2;140;76;52m▀[38;2;132;72;52m[48;2;128;68;44m▀[38;2;128;64;48m[48;2;128;64;48m▀[38;2;136;76;56m[48;2;136;76;56m▀[38;2;148;88;64m[48;2;144;92;60m▀[38;2;156;96;68m[48;2;120;68;40m▀[38;2;104;48;28m[48;2;68;20;4m▀[38;2;68;16;0m[48;2;52;8;0m▀[38;2;68;20;0m[48;2;84;32;4m▀[38;2;92;40;8m[48;2;64;20;4m▀[38;2;72;32;4m[48;2;76;32;8m▀[38;2;32;8;0m[48;2;132;72;12m▀[0m
[38;2;116;124;52m[48;2;80;88;36m▀[38;2;96;100;44m[48;2;92;88;36m▀[38;2;168;188;80m[48;2;164;184;68m▀[38;2;156;176;68m[48;2;140;160;52m▀[38;2;156;168;64m[48;2;156;168;72m▀[38;2;148;164;76m[48;2;160;176;84m▀[38;2;172;192;96m[48;2;164;180;100m▀[38;2;184;204;112m[48;2;184;196;124m▀[38;2;132;132;72m[48;2;136;148;72m▀[38;2;116;76;44m[48;2;116;88;44m▀[38;2;132;84;56m[48;2;124;76;48m▀[38;2;136;80;60m[48;2;132;80;56m▀[38;2;136;84;64m[48;2;132;80;60m▀[38;2;140;80;64m[48;2;132;76;60m▀[38;2;136;76;60m[48;2;128;72;56m▀[38;2;116;60;48m[48;2;116;60;44m▀[38;2;100;48;36m[48;2;112;64;48m▀[38;2;96;48;36m[48;2;128;80;68m▀[38;2;80;24;28m[48;2;136;84;72m▀[38;2;92;32;40m[48;2;128;72;68m▀[38;2;100;32;48m[48;2;124;60;64m▀[38;2;92;20;36m[48;2;120;52;64m▀[38;2;96;24;40m[48;2;116;44;60m▀[38;2;104;40;48m[48;2;120;52;64m▀[38;2;96;24;40m[48;2;112;44;56m▀[48;2;112;44;60m▀[38;2;100;36;52m[48;2;104;44;52m▀[38;2;100;52;60m[48;2;100;52;48m▀[38;2;104;64;52m[48;2;104;60;44m▀[38;2;112;64;48m[48;2;108;64;48m▀[38;2;104;56;40m[48;2;108;60;44m▀[38;2;120;76;56m[48;2;124;84;60m▀[38;2;168;124;100m[48;2;148;100;88m▀[38;2;180;132;112m[48;2;152;104;96m▀[38;2;208;156;144m[48;2;176;128;116m▀[38;2;168;152;100m[48;2;196;156;140m▀[38;2;128;144;40m[48;2;96;108;24m▀[38;2;124;144;64m[48;2;100;128;36m▀[38;2;124;144;56m[48;2;132;148;52m▀[38;2;132;156;68m[48;2;140;160;76m▀[38;2;180;196;108m[48;2;236;212;148m▀[38;2;188;176;104m[48;2;180;156;88m▀[38;2;172;148;88m[48;2;196;208;116m▀[38;2;208;216;136m[48;2;212;220;136m▀[38;2;204;216;132m[48;2;212;216;144m▀[38;2;232;236;168m[48;2;208;212;136m▀[38;2;192;188;112m[48;2;200;200;116m▀[38;2;160;144;80m[48;2;192;192;116m▀[38;2;196;148;112m[48;2;188;168;112m▀[38;2;188;132;104m[48;2;184;132;104m▀[38;2;180;124;100m[48;2;176;120;92m▀[38;2;168;108;88m[48;2;164;108;84m▀[38;2;140;92;76m[48;2;160;116;96m▀[38;2;100;52;48m[48;2;148;100;88m▀[38;2;76;20;28m[48;2;140;84;92m▀[38;2;84;32;32m[48;2;128;64;80m▀[38;2;116;72;64m[48;2;116;44;60m▀[38;2;132;88;80m[48;2;116;44;56m▀[38;2;116;76;64m[48;2;112;44;52m▀[38;2;124;84;72m[48;2;108;44;56m▀[38;2;104;60;56m[48;2;108;40;52m▀[38;2;72;16;24m[48;2;100;40;48m▀[38;2;84;24;28m[48;2;88;32;44m▀[38;2;104;48;40m[48;2;112;60;56m▀[38;2;136;76;56m[48;2;132;80;64m▀[38;2;160;96;72m[48;2;152;92;72m▀[48;2;156;96;72m▀[38;2;152;88;68m[48;2;144;84;60m▀[38;2;140;80;56m[48;2;136;76;52m▀[38;2;136;72;52m[48;2;128;68;44m▀[38;2;128;72;48m[48;2;120;64;36m▀[38;2;136;80;52m[48;2;80;32;16m▀[38;2;108;56;32m[48;2;76;24;4m▀[38;2;80;32;4m[48;2;80;32;4m▀[38;2;60;16;0m[48;2;68;24;0m▀[38;2;68;24;0m[48;2;92;48;0m▀[38;2;80;36;4m[48;2;84;36;0m▀[38;2;76;36;8m[48;2;96;44;0m▀[38;2;84;36;8m[48;2;104;52;0m▀[38;2;68;36;8m[48;2;92;40;0m▀[0m
[38;2;112;64;80m[48;2;148;84;108m▀[38;2;76;76;32m[48;2;84;80;40m▀[38;2;172;188;76m[48;2;160;176;76m▀[38;2;148;168;68m[48;2;116;152;72m▀[38;2;176;192;92m[48;2;176;200;104m▀[38;2;172;188;92m[48;2;192;208;76m▀[38;2;184;196;100m[48;2;156;168;72m▀[38;2;132;148;84m[48;2;108;136;76m▀[38;2;164;184;100m[48;2;156;180;96m▀[38;2;124;108;52m[48;2;136;140;68m▀[38;2;112;72;44m[48;2;112;76;48m▀[38;2;124;76;48m[48;2;120;72;48m▀[38;2;128;80;56m[48;2;124;76;52m▀[38;2;124;72;52m[48;2;128;80;60m▀[48;2;128;72;56m▀[38;2;116;64;48m▀[38;2;120;68;56m[48;2;128;72;60m▀[38;2;128;76;64m▀[48;2;124;72;56m▀[38;2;128;80;64m[48;2;116;64;52m▀[38;2;124;68;60m[48;2;112;56;44m▀[38;2;116;48;52m[48;2;100;44;36m▀[38;2;104;36;48m[48;2;92;36;28m▀[38;2;100;36;44m▀[38;2;96;28;40m▀[38;2;92;28;36m[48;2;88;36;24m▀[38;2;88;36;28m[48;2;92;44;32m▀[38;2;100;52;40m[48;2;100;52;36m▀[38;2;104;56;44m[48;2;104;60;48m▀[38;2;108;64;48m[48;2;112;72;56m▀[38;2;116;76;56m[48;2;116;76;60m▀[38;2;116;80;60m[48;2;80;44;40m▀[38;2;112;72;64m[48;2;88;52;52m▀[38;2;144;100;92m[48;2;92;56;56m▀[38;2;184;136;120m[48;2;88;60;56m▀[38;2;232;180;168m[48;2;132;100;88m▀[38;2;168;144;104m[48;2;156;116;108m▀[38;2;108;128;40m[48;2;188;144;128m▀[38;2;128;152;52m[48;2;168;168;88m▀[38;2;160;168;76m[48;2;144;168;52m▀[38;2;188;184;100m[48;2;160;176;88m▀[38;2;172;192;100m[48;2;172;188;104m▀[38;2;184;196;112m[48;2;180;192;108m▀[38;2;196;204;124m[48;2;212;216;152m▀[38;2;204;212;136m[48;2;228;228;168m▀[38;2;200;208;128m[48;2;240;240;176m▀[38;2;192;192;120m[48;2;236;224;164m▀[38;2;200;196;128m[48;2;228;200;160m▀[38;2;192;188;116m[48;2;172;140;116m▀[38;2;176;132;96m[48;2;160;124;100m▀[38;2;172;116;88m[48;2;172;120;92m▀[38;2;164;112;88m[48;2;168;112;92m▀[38;2;168;120;100m[48;2;164;116;96m▀[38;2;160;112;92m[48;2;156;112;92m▀[38;2;140;84;72m[48;2;148;96;76m▀[38;2;132;68;80m[48;2;132;72;60m▀[38;2;136;68;84m[48;2;120;60;56m▀[38;2;132;64;84m[48;2;120;56;52m▀[38;2;132;68;84m[48;2;116;56;52m▀[38;2;136;64;84m[48;2;120;60;56m▀[38;2;140;72;88m[48;2;132;76;64m▀[38;2;136;76;84m[48;2;140;88;68m▀[38;2;136;84;80m[48;2;152;100;76m▀[38;2;156;104;88m[48;2;156;104;84m▀[38;2;156;100;84m▀[38;2;152;92;72m[48;2;152;92;72m▀[38;2;148;88;64m[48;2;148;84;60m▀[38;2;140;80;56m[48;2;140;80;52m▀[38;2;140;76;52m[48;2;140;76;48m▀[38;2;132;72;44m[48;2;132;72;44m▀[38;2;128;72;44m[48;2;152;92;60m▀[38;2;76;28;12m[48;2;132;80;40m▀[38;2;72;28;4m[48;2;100;60;8m▀[38;2;84;36;4m[48;2;112;84;16m▀[38;2;104;68;12m[48;2;136;112;44m▀[38;2;128;96;32m[48;2;160;144;68m▀[38;2;140;108;32m[48;2;172;168;64m▀[38;2;148;124;44m[48;2;188;188;68m▀[38;2;160;136;52m[48;2;196;200;80m▀[38;2;164;144;48m[48;2;192;200;88m▀[0m
[38;2;104;68;60m[48;2;80;68;36m▀[38;2;104;96;60m[48;2;76;68;28m▀[38;2;148;168;96m[48;2;152;172;88m▀[38;2;112;148;68m[48;2;124;144;72m▀[38;2;172;192;104m[48;2;164;180;100m▀[38;2;192;204;76m[48;2;180;192;96m▀[38;2;136;152;56m[48;2;140;156;60m▀[38;2;112;144;76m[48;2;136;152;80m▀[38;2;136;160;84m[48;2;128;152;76m▀[38;2;156;160;96m[48;2;124;108;76m▀[38;2;112;84;52m[48;2;116;84;56m▀[38;2;120;76;48m[48;2;120;76;52m▀[38;2;116;72;52m[48;2;124;76;56m▀[38;2;120;72;52m[48;2;120;72;52m▀[38;2;128;76;56m[48;2;116;68;44m▀[38;2;132;76;56m[48;2;124;72;52m▀[38;2;136;80;64m[48;2;140;80;64m▀[38;2;136;80;68m[48;2;132;76;64m▀[38;2;124;72;60m▀[38;2;120;64;52m[48;2;132;72;64m▀[38;2;116;56;48m▀[38;2;108;52;44m[48;2;132;76;64m▀[38;2;108;56;44m[48;2;128;76;64m▀[38;2;112;60;48m[48;2;124;72;64m▀[38;2;112;64;48m▀[38;2;112;60;48m▀[48;2;120;68;60m▀[38;2;108;60;48m[48;2;116;68;56m▀[38;2;112;68;52m[48;2;116;72;60m▀[38;2;120;80;60m[48;2;88;52;40m▀[38;2;76;40;32m[48;2;20;0;4m▀[38;2;40;12;16m[48;2;16;4;4m▀[38;2;48;24;20m▀[38;2;24;8;8m[48;2;64;40;36m▀[38;2;44;24;24m[48;2;136;92;88m▀[38;2;76;48;44m[48;2;164;116;108m▀[38;2;156;112;104m[48;2;200;148;136m▀[38;2;220;164;156m[48;2;192;148;136m▀[38;2;232;188;168m[48;2;224;168;160m▀[38;2;128;140;60m[48;2;204;172;148m▀[38;2;160;176;68m[48;2;156;172;80m▀[38;2;164;176;88m[48;2;172;184;100m▀[38;2;184;196;128m[48;2;192;200;132m▀[38;2;220;220;160m[48;2;208;208;144m▀[38;2;244;240;176m[48;2;240;236;180m▀[38;2;252;248;208m[48;2;252;236;192m▀[38;2;252;244;216m[48;2;252;236;208m▀[38;2;224;184;156m[48;2;252;224;208m▀[38;2;136;96;72m[48;2;104;60;48m▀[38;2;140;116;96m[48;2;112;84;72m▀[38;2;180;140;116m[48;2;184;148;132m▀[38;2;160;108;80m[48;2;156;108;84m▀[38;2;164;116;96m[48;2;160;112;88m▀[38;2;160;112;96m[48;2;164;116;100m▀[38;2;156;104;92m[48;2;164;116;104m▀[38;2;148;100;88m[48;2;164;116;108m▀[38;2;140;88;76m[48;2;160;112;108m▀[38;2;136;84;68m[48;2;160;108;104m▀[38;2;132;80;64m[48;2;156;108;96m▀[38;2;140;88;72m[48;2;160;112;100m▀[38;2;148;96;80m▀[38;2;152;100;84m[48;2;160;108;96m▀[38;2;156;104;84m[48;2;156;108;92m▀[38;2;156;104;88m[48;2;156;100;84m▀[38;2;156;96;76m[48;2;152;92;68m▀[38;2;148;92;64m[48;2;148;88;64m▀[38;2;144;84;60m[48;2;140;84;56m▀[38;2;136;76;52m[48;2;136;76;52m▀[38;2;136;76;48m[48;2;144;84;52m▀[38;2;144;80;52m[48;2;152;96;64m▀[38;2;144;92;56m[48;2;128;88;56m▀[38;2;92;52;20m[48;2;68;36;12m▀[38;2;104;72;12m[48;2;108;80;24m▀[38;2;124;112;28m[48;2;140;128;44m▀[38;2;152;140;56m[48;2;164;164;64m▀[38;2;168;160;68m[48;2;168;168;68m▀[38;2;172;172;72m[48;2;176;176;72m▀[38;2;184;188;36m[48;2;176;184;48m▀[38;2;188;192;24m[48;2;192;200;32m▀[38;2;184;192;48m[48;2;188;204;16m▀[0m
[38;2;84;84;32m[48;2;84;80;20m▀[38;2;76;60;24m[48;2;80;72;32m▀[38;2;132;152;68m[48;2;144;164;68m▀[38;2;132;156;80m[48;2;136;156;68m▀[38;2;148;164;88m[48;2;136;152;84m▀[38;2;180;192;96m[48;2;132;152;100m▀[38;2;144;160;64m[48;2;108;132;124m▀[38;2;136;160;100m[48;2;100;128;148m▀[38;2;104;124;88m[48;2;92;92;96m▀[38;2;64;44;32m[48;2;44;24;12m▀[38;2;104;76;56m[48;2;84;60;44m▀[38;2;124;80;60m[48;2;124;84;60m▀[38;2;124;76;56m[48;2;124;76;52m▀[38;2;128;80;60m[48;2;124;80;56m▀[38;2;124;76;56m[48;2;128;84;64m▀[38;2;112;64;44m[48;2;124;72;60m▀[38;2;120;68;48m[48;2;104;56;40m▀[38;2;128;76;56m[48;2;108;60;40m▀[38;2;136;80;68m[48;2;124;72;56m▀[38;2;136;76;68m[48;2;128;72;60m▀[38;2;140;84;72m▀[38;2;140;80;72m[48;2;124;68;60m▀[38;2;132;72;64m[48;2;116;56;48m▀[38;2;120;64;56m[48;2;108;48;36m▀[38;2;124;64;56m[48;2;104;48;36m▀[38;2;120;68;56m▀[38;2;116;64;56m[48;2;100;48;40m▀[38;2;112;64;52m[48;2;88;36;32m▀[38;2;96;48;40m[48;2;28;4;4m▀[38;2;24;8;8m[48;2;0;0;0m▀[38;2;8;0;0m[48;2;8;0;0m▀[38;2;16;4;4m[48;2;12;0;4m▀[38;2;28;12;12m[48;2;16;4;8m▀[38;2;76;48;48m[48;2;32;16;20m▀[38;2;168;116;108m[48;2;88;56;60m▀[38;2;156;108;104m[48;2;56;24;32m▀[38;2;108;72;72m[48;2;32;16;20m▀[38;2;92;60;60m[48;2;80;72;76m▀[38;2;144;120;124m[48;2;92;92;112m▀[38;2;132;128;136m[48;2;112;116;124m▀[38;2;152;164;88m[48;2;160;168;88m▀[38;2;160;172;96m[48;2;180;184;96m▀[38;2;180;184;108m[48;2;212;204;124m▀[38;2;220;216;156m[48;2;228;220;156m▀[38;2;244;232;176m[48;2;252;244;200m▀[38;2;240;208;164m[48;2;212;172;144m▀[38;2;208;164;148m[48;2;140;96;84m▀[38;2;180;144;140m[48;2;120;76;60m▀[38;2;88;48;48m[48;2;112;68;56m▀[38;2;128;92;84m[48;2;140;96;84m▀[38;2;172;132;116m[48;2;160;116;100m▀[38;2;152;104;84m[48;2;148;96;80m▀[38;2;156;108;88m[48;2;140;92;76m▀[38;2;160;112;92m[48;2;148;100;84m▀[38;2;156;108;96m[48;2;148;96;84m▀[38;2;156;112;100m[48;2;144;96;84m▀[38;2;156;108;100m[48;2;144;92;80m▀[48;2;140;92;80m▀[38;2;160;112;100m[48;2;148;96;84m▀[38;2;160;116;100m[48;2;156;104;92m▀[38;2;164;116;104m▀[38;2;160;112;100m[48;2;152;104;84m▀[38;2;156;104;88m[48;2;144;88;72m▀[38;2;148;92;76m[48;2;140;84;64m▀[38;2;144;88;64m[48;2;136;84;60m▀[38;2;140;84;56m[48;2;136;84;56m▀[38;2;140;80;52m[48;2;144;92;60m▀[38;2;140;84;56m[48;2;144;96;64m▀[38;2;148;92;64m[48;2;144;92;64m▀[38;2;156;100;68m[48;2;152;100;68m▀[38;2;108;68;40m[48;2;76;44;24m▀[38;2;52;24;4m[48;2;44;16;0m▀[38;2;104;72;24m[48;2;92;64;24m▀[38;2;148;132;48m[48;2;136;116;40m▀[38;2;172;164;68m[48;2;164;156;64m▀[38;2;180;180;76m[48;2;188;184;88m▀[38;2;200;192;88m[48;2;180;180;72m▀[38;2;192;192;80m[48;2;176;180;48m▀[38;2;176;184;44m[48;2;172;176;40m▀[38;2;184;200;8m[48;2;172;184;24m▀[0m
[38;2;92;84;4m[48;2;84;80;32m▀[38;2;64;52;28m[48;2;64;52;32m▀[38;2;144;168;112m[48;2;100;128;148m▀[38;2;128;152;128m[48;2;64;92;120m▀[38;2;92;116;120m[48;2;56;76;96m▀[38;2;68;96;116m[48;2;60;84;96m▀[38;2;76;104;124m[48;2;56;84;100m▀[38;2;68;92;108m[48;2;36;56;68m▀[38;2;76;68;64m[48;2;80;68;56m▀[38;2;40;16;12m[48;2;32;12;8m▀[38;2;56;36;28m[48;2;28;16;12m▀[38;2;124;80;56m[48;2;112;72;52m▀[38;2;120;72;52m[48;2;120;76;56m▀[48;2;120;72;52m▀[38;2;124;76;56m[48;2;116;68;52m▀[38;2;128;76;60m[48;2;120;72;56m▀[38;2;112;60;48m[48;2;116;64;48m▀[38;2;96;40;32m[48;2;100;44;36m▀[38;2;92;40;28m[48;2;88;28;24m▀[38;2;100;48;36m[48;2;80;24;24m▀[38;2;104;44;36m[48;2;76;24;20m▀[38;2;100;44;32m[48;2;72;20;16m▀[38;2;92;36;32m▀[38;2;88;32;28m[48;2;72;24;20m▀[38;2;84;28;24m▀[38;2;80;28;24m[48;2;64;16;12m▀[38;2;68;20;16m[48;2;36;8;4m▀[38;2;32;4;4m[48;2;8;0;0m▀[38;2;4;0;0m[48;2;0;0;0m▀▀▀[48;2;4;0;0m▀[38;2;8;0;4m▀[38;2;12;0;8m▀[38;2;8;0;4m[48;2;16;8;12m▀[38;2;20;8;12m[48;2;40;32;44m▀[38;2;60;48;56m[48;2;40;36;48m▀[38;2;68;60;72m[48;2;56;48;56m▀[38;2;84;72;84m[48;2;60;52;68m▀[38;2;100;96;108m[48;2;80;76;88m▀[38;2;192;196;136m[48;2;240;232;200m▀[38;2;236;232;176m[48;2;252;232;200m▀[38;2;252;244;208m[48;2;252;228;200m▀[38;2;255;252;228m[48;2;252;228;188m▀[38;2;252;236;208m[48;2;232;184;152m▀[38;2;148;108;88m[48;2;120;76;64m▀[38;2;116;76;64m[48;2;112;72;60m▀[38;2;144;96;84m[48;2;112;64;56m▀[38;2;104;60;52m[48;2;92;48;40m▀[38;2;136;92;80m[48;2;132;88;72m▀[38;2;152;104;88m[48;2;140;92;80m▀[38;2;144;96;84m▀[38;2;136;88;72m[48;2;140;92;76m▀[38;2;128;80;64m[48;2;132;80;68m▀[48;2;124;72;56m▀[38;2;128;76;64m[48;2;116;64;48m▀[38;2;128;72;64m▀[38;2;124;72;60m[48;2;116;64;52m▀[38;2;132;76;64m[48;2;120;64;52m▀[38;2;140;80;72m[48;2;120;68;52m▀[38;2;140;84;72m[48;2;124;72;52m▀[38;2;140;84;64m[48;2;128;76;56m▀[38;2;136;80;56m[48;2;132;84;56m▀[38;2;136;84;56m[48;2;144;92;68m▀[38;2;140;88;60m[48;2;144;96;72m▀[38;2;144;92;64m[48;2;144;92;64m▀[38;2;140;92;60m[48;2;140;92;64m▀[48;2;136;92;64m▀[38;2;144;92;64m[48;2;144;96;64m▀[38;2;140;92;60m[48;2;120;76;48m▀[38;2;48;20;4m[48;2;44;16;0m▀[38;2;44;16;4m[48;2;52;24;0m▀[38;2;96;72;32m[48;2;92;68;28m▀[38;2;140;128;44m[48;2;148;144;52m▀[38;2;148;132;44m[48;2;152;144;44m▀[38;2;176;168;72m[48;2;156;140;56m▀[38;2;180;176;56m[48;2;164;168;48m▀[38;2;176;184;28m[48;2;168;176;32m▀[38;2;168;176;48m[48;2;176;180;56m▀[38;2;164;172;40m[48;2;176;184;52m▀[0m

     * Условия объединяются через И? …Через ИЛИ же? …Через -o. *

ART
