#!/bin/sh
# sudo-basics: meme «Batman Slapping Robin». Regenerate: meme.py render "Batman Slapping Robin"
cat <<'ART'

[38;2;160;136;120m[48;2;160;136;116m▀[38;2;255;240;184m[48;2;255;236;180m▀[38;2;255;236;172m[48;2;255;232;168m▀[38;2;255;232;168m[48;2;255;228;168m▀[38;2;255;228;164m▀▀[38;2;255;220;160m▀[38;2;255;220;164m[48;2;255;224;164m▀[38;2;255;228;168m▀[38;2;255;232;172m[48;2;255;228;168m▀[38;2;255;228;168m▀▀▀▀▀▀[38;2;255;228;172m[48;2;255;228;172m▀▀[38;2;255;228;168m[48;2;255;228;168m▀[38;2;255;232;172m▀▀[38;2;255;228;168m▀▀[48;2;255;224;164m▀[48;2;255;220;160m▀[38;2;255;228;172m[48;2;255;224;164m▀[38;2;255;224;168m[48;2;255;228;172m▀[38;2;255;228;168m[48;2;255;228;168m▀▀▀[38;2;255;228;172m▀▀[38;2;255;228;164m▀[38;2;255;228;168m▀▀▀[38;2;255;224;164m▀[38;2;255;220;160m[48;2;255;224;164m▀[38;2;252;220;164m[48;2;255;224;168m▀[38;2;248;232;176m[48;2;255;232;176m▀[38;2;176;136;108m[48;2;255;240;196m▀[38;2;204;68;56m[48;2;204;116;96m▀[38;2;224;64;68m[48;2;196;60;56m▀[38;2;152;104;80m[48;2;232;184;144m▀[38;2;240;220;176m[48;2;255;244;188m▀[38;2;236;204;148m[48;2;255;228;172m▀[38;2;240;208;148m[48;2;255;232;172m▀[38;2;248;216;152m[48;2;255;228;164m▀[38;2;252;212;148m▀[38;2;240;208;144m[48;2;255;224;160m▀[48;2;255;228;164m▀[48;2;255;224;160m▀[38;2;240;204;144m[48;2;255;228;160m▀[38;2;240;204;140m[48;2;255;228;164m▀[38;2;236;200;140m[48;2;255;224;164m▀[38;2;236;196;140m[48;2;255;228;172m▀[38;2;236;196;144m[48;2;255;224;164m▀[38;2;236;196;140m[48;2;255;228;168m▀[38;2;236;196;132m▀[38;2;228;188;140m[48;2;255;232;164m▀[48;2;255;228;164m▀[48;2;255;228;168m▀[38;2;224;188;140m[48;2;255;232;172m▀[38;2;228;188;140m▀[38;2;224;184;136m▀[38;2;224;188;140m[48;2;255;228;168m▀[38;2;220;176;140m[48;2;255;232;168m▀[38;2;216;172;128m[48;2;255;228;164m▀[48;2;255;228;160m▀[38;2;208;168;128m[48;2;255;236;160m▀[38;2;216;172;124m[48;2;255;228;160m▀[38;2;240;196;136m[48;2;255;220;160m▀[38;2;248;204;144m[48;2;255;224;164m▀[38;2;232;192;140m[48;2;255;232;164m▀[38;2;212;164;128m[48;2;255;236;160m▀[38;2;200;152;120m[48;2;255;236;164m▀[48;2;255;228;160m▀[38;2;144;96;76m[48;2;255;212;156m▀[38;2;120;32;40m[48;2;192;80;68m▀[38;2;108;32;32m[48;2;140;36;44m▀[0m
[38;2;172;144;120m[48;2;184;156;128m▀[38;2;255;232;168m[48;2;255;232;168m▀[38;2;255;228;164m[48;2;255;228;164m▀[38;2;255;228;168m[48;2;255;224;168m▀[38;2;255;228;172m[48;2;255;228;168m▀[38;2;255;228;168m[48;2;255;228;164m▀[38;2;255;232;172m[48;2;255;228;168m▀▀[38;2;255;228;168m[48;2;255;228;164m▀[38;2;255;224;164m[48;2;255;228;168m▀[38;2;255;228;168m▀[48;2;255;228;172m▀[48;2;255;228;168m▀▀▀[38;2;255;224;168m▀▀[38;2;255;228;168m▀▀[48;2;255;228;164m▀[48;2;255;228;168m▀[38;2;255;228;172m[48;2;255;228;172m▀[38;2;255;228;168m[48;2;255;228;168m▀▀[38;2;255;224;168m[48;2;255;232;168m▀[38;2;255;220;164m[48;2;255;228;164m▀[38;2;255;228;168m[48;2;255;224;164m▀[38;2;255;232;172m[48;2;255;228;168m▀[38;2;255;228;168m▀[38;2;255;224;160m▀[38;2;255;228;164m▀▀▀[38;2;255;228;168m▀[38;2;255;228;172m▀▀▀[38;2;255;228;168m▀[48;2;255;228;164m▀[38;2;252;224;164m▀[38;2;255;236;184m[48;2;255;228;168m▀[38;2;228;200;164m[48;2;255;244;200m▀[38;2;164;52;48m[48;2;148;76;64m▀[38;2;240;164;136m[48;2;196;116;88m▀[38;2;255;236;192m[48;2;255;240;188m▀[38;2;255;232;176m[48;2;252;228;168m▀[38;2;255;228;168m[48;2;255;224;164m▀[38;2;255;220;156m[48;2;255;224;160m▀[38;2;255;224;160m[48;2;255;220;156m▀[38;2;255;220;156m[48;2;255;224;160m▀[38;2;255;224;160m▀[38;2;255;224;156m[48;2;255;228;156m▀[38;2;255;220;156m▀[38;2;255;220;152m[48;2;255;228;160m▀[38;2;255;224;160m[48;2;255;224;156m▀[38;2;255;220;160m▀[38;2;255;220;156m[48;2;255;224;160m▀[38;2;255;224;160m▀▀▀[38;2;255;220;152m▀▀[48;2;255;220;156m▀[38;2;255;224;156m[48;2;255;224;160m▀[38;2;255;224;160m[48;2;255;220;156m▀[38;2;255;220;156m[48;2;255;220;160m▀[38;2;255;224;156m[48;2;255;220;156m▀[38;2;255;224;160m[48;2;255;224;160m▀[38;2;255;220;156m▀[38;2;252;220;160m▀[38;2;255;220;156m▀[38;2;255;224;156m[48;2;255;224;156m▀[38;2;255;220;156m[48;2;255;224;160m▀[38;2;255;224;156m[48;2;255;228;160m▀[38;2;255;224;152m[48;2;255;224;160m▀[38;2;252;224;152m[48;2;255;224;156m▀[38;2;252;220;152m[48;2;252;224;156m▀[38;2;255;228;156m[48;2;255;224;156m▀[38;2;236;156;108m[48;2;220;152;104m▀[38;2;120;28;24m[48;2;92;28;24m▀[0m
[38;2;192;160;132m[48;2;180;152;128m▀[38;2;255;232;172m[48;2;255;232;172m▀[38;2;255;228;164m[48;2;255;228;168m▀[38;2;255;224;168m▀[38;2;255;228;168m▀▀[48;2;255;228;172m▀[38;2;255;228;164m[48;2;255;228;168m▀[48;2;255;224;164m▀[38;2;255;228;168m▀[48;2;255;228;164m▀▀[48;2;255;228;168m▀▀▀▀▀▀[38;2;255;232;172m▀[38;2;255;228;164m▀[38;2;255;224;164m[48;2;255;224;164m▀[38;2;255;224;168m[48;2;255;228;168m▀[38;2;255;228;168m▀▀[38;2;255;228;164m[48;2;255;224;164m▀[48;2;255;228;168m▀[38;2;255;224;164m▀[38;2;255;228;168m▀[38;2;255;228;172m▀[38;2;255;228;168m[48;2;255;228;172m▀[48;2;255;228;168m▀[38;2;255;228;172m▀[38;2;255;228;168m▀▀[38;2;255;228;164m▀▀▀[38;2;255;228;168m▀[38;2;255;228;164m▀[48;2;252;236;180m▀[38;2;252;244;180m[48;2;200;172;140m▀[38;2;204;188;140m[48;2;208;184;148m▀[38;2;152;112;88m[48;2;255;248;184m▀[38;2;204;164;124m[48;2;255;236;168m▀[38;2;255;236;176m[48;2;255;220;152m▀[38;2;252;224;164m[48;2;255;220;156m▀[38;2;255;228;164m[48;2;255;224;160m▀[38;2;255;224;156m▀[38;2;255;224;160m▀[48;2;255;228;160m▀[38;2;255;220;156m[48;2;255;224;152m▀[38;2;255;224;152m[48;2;255;224;160m▀[48;2;255;224;164m▀[38;2;255;224;160m▀[38;2;255;228;160m[48;2;255;224;160m▀[38;2;255;228;156m[48;2;255;224;156m▀[38;2;255;224;156m[48;2;255;220;156m▀[48;2;255;224;160m▀[48;2;255;220;156m▀[38;2;255;220;156m[48;2;255;220;160m▀[38;2;255;224;160m▀▀[48;2;255;224;164m▀[38;2;255;224;164m[48;2;255;224;160m▀[38;2;255;224;160m▀[38;2;255;224;164m[48;2;255;224;164m▀[38;2;255;220;160m▀[38;2;255;224;160m▀▀[48;2;255;220;164m▀▀[38;2;255;220;156m[48;2;255;220;160m▀[38;2;255;224;156m[48;2;255;216;152m▀[38;2;255;224;160m[48;2;255;220;156m▀[48;2;255;224;160m▀[48;2;255;220;160m▀[38;2;255;220;156m▀[38;2;255;220;148m[48;2;252;212;144m▀[38;2;232;176;128m[48;2;255;228;168m▀[38;2;100;52;40m[48;2;168;144;100m▀[0m
[38;2;168;144;124m[48;2;152;128;108m▀[38;2;255;240;184m[48;2;252;236;180m▀[38;2;255;228;168m[48;2;255;232;172m▀[48;2;255;224;164m▀[38;2;255;228;172m[48;2;255;228;168m▀[38;2;255;224;164m[48;2;255;224;164m▀[38;2;255;228;168m[48;2;255;228;168m▀▀[38;2;255;228;164m▀[38;2;255;228;168m▀[48;2;255;228;172m▀[48;2;255;228;168m▀▀[48;2;255;224;168m▀[48;2;255;228;168m▀[38;2;255;228;164m[48;2;255;228;164m▀[38;2;255;228;168m▀[38;2;255;228;164m▀[38;2;255;228;168m[48;2;255;228;168m▀▀▀▀[38;2;255;232;172m[48;2;255;228;172m▀[48;2;255;228;168m▀[38;2;255;228;168m[48;2;255;228;172m▀[48;2;255;228;168m▀[38;2;255;232;168m[48;2;255;228;164m▀[38;2;255;228;168m[48;2;255;224;164m▀[48;2;255;224;168m▀[48;2;255;228;168m▀▀▀[38;2;255;232;168m[48;2;255;228;164m▀[38;2;255;232;172m[48;2;255;228;168m▀[38;2;255;228;172m▀[48;2;255;232;172m▀[38;2;255;228;168m[48;2;255;228;168m▀[38;2;255;228;164m[48;2;255;228;164m▀[38;2;255;228;172m[48;2;255;228;168m▀[38;2;240;208;148m[48;2;236;196;140m▀[38;2;224;196;148m[48;2;252;228;172m▀[38;2;255;252;200m[48;2;255;236;176m▀[38;2;252;224;160m[48;2;255;224;160m▀[38;2;255;220;152m[48;2;255;220;156m▀[38;2;255;224;156m[48;2;255;224;156m▀[48;2;255;232;156m▀[38;2;255;224;160m[48;2;255;224;156m▀[48;2;255;224;160m▀[48;2;255;224;156m▀[38;2;255;224;156m[48;2;255;224;160m▀[48;2;255;224;156m▀[48;2;255;220;152m▀[38;2;255;224;160m[48;2;255;224;156m▀[48;2;255;220;156m▀[48;2;255;224;156m▀[48;2;255;224;160m▀▀[38;2;255;220;156m[48;2;255;220;156m▀[38;2;255;224;160m▀[38;2;255;220;156m[48;2;255;224;160m▀[38;2;255;220;160m▀[38;2;255;220;156m[48;2;255;220;156m▀[38;2;255;220;160m▀[38;2;255;224;160m[48;2;255;224;156m▀[38;2;255;220;160m[48;2;255;224;160m▀[38;2;255;224;160m[48;2;255;224;156m▀[48;2;255;220;156m▀[48;2;255;224;156m▀[38;2;255;228;164m▀[38;2;255;224;160m[48;2;255;224;160m▀[48;2;255;224;156m▀▀[48;2;255;228;160m▀[38;2;255;220;156m[48;2;255;224;160m▀[38;2;255;224;156m▀[38;2;255;220;156m▀[48;2;255;228;160m▀[38;2;252;216;148m[48;2;252;216;148m▀[38;2;255;224;160m[48;2;255;224;148m▀[38;2;184;152;104m[48;2;192;148;100m▀[0m
[38;2;116;92;80m[48;2;92;60;52m▀[38;2;248;228;176m[48;2;228;192;156m▀[38;2;255;236;176m[48;2;255;244;188m▀[38;2;255;228;168m[48;2;252;228;168m▀[48;2;255;228;172m▀[38;2;255;224;164m[48;2;255;228;168m▀[38;2;255;228;168m▀[38;2;255;232;172m▀[38;2;255;228;164m[48;2;255;228;164m▀[38;2;255;224;164m[48;2;255;224;164m▀[38;2;255;228;168m[48;2;255;228;168m▀▀▀▀▀▀▀[38;2;255;228;164m▀▀[48;2;255;228;164m▀▀▀▀[48;2;255;224;164m▀[38;2;255;228;168m[48;2;255;228;168m▀▀[38;2;255;228;164m[48;2;255;228;164m▀[38;2;255;228;168m[48;2;255;228;168m▀[38;2;255;232;172m[48;2;255;232;172m▀[48;2;255;228;168m▀▀[38;2;255;228;168m▀▀[38;2;255;224;168m▀[38;2;255;224;164m[48;2;255;224;168m▀[38;2;255;228;168m[48;2;255;228;168m▀▀[48;2;255;228;164m▀[38;2;255;240;188m[48;2;232;196;148m▀[38;2;236;204;160m[48;2;184;128;96m▀[38;2;252;228;180m[48;2;248;216;176m▀[38;2;255;236;168m[48;2;255;236;172m▀[38;2;255;232;168m[48;2;255;228;160m▀[38;2;255;224;156m[48;2;255;228;164m▀[38;2;255;228;160m[48;2;255;224;156m▀[38;2;255;228;164m[48;2;255;228;160m▀[38;2;255;220;156m[48;2;255;224;160m▀[38;2;255;224;156m[48;2;255;224;156m▀[38;2;255;220;156m[48;2;255;224;160m▀▀[38;2;255;224;156m▀▀[38;2;255;224;160m▀[38;2;255;220;156m[48;2;255;224;156m▀[38;2;255;224;160m[48;2;255;224;160m▀[38;2;255;220;156m▀[38;2;255;224;156m[48;2;255;224;156m▀[38;2;255;224;160m[48;2;255;224;160m▀[38;2;255;224;164m[48;2;255;228;164m▀[38;2;255;224;160m[48;2;255;224;160m▀[38;2;255;224;156m▀[38;2;255;228;156m[48;2;255;224;156m▀[38;2;255;224;156m▀[38;2;255;224;160m[48;2;255;224;160m▀[48;2;255;224;156m▀▀[38;2;255;224;156m▀[38;2;255;224;160m[48;2;255;224;160m▀[38;2;255;220;160m▀[38;2;255;224;156m▀[38;2;255;224;160m▀[38;2;255;216;152m[48;2;255;220;156m▀[38;2;255;220;156m▀[38;2;255;220;160m[48;2;255;224;160m▀▀[38;2;255;224;160m[48;2;255;220;160m▀[48;2;255;220;156m▀[38;2;252;220;156m[48;2;252;220;160m▀[38;2;255;232;160m[48;2;255;232;160m▀[38;2;184;144;100m[48;2;168;128;92m▀[0m
[38;2;120;56;52m[48;2;140;64;60m▀[38;2;160;84;84m[48;2;220;64;60m▀[38;2;252;240;196m[48;2;180;96;76m▀[38;2;255;236;184m[48;2;232;208;172m▀[38;2;255;224;172m[48;2;255;224;172m▀[38;2;255;228;168m[48;2;255;224;164m▀[48;2;255;228;172m▀[38;2;255;224;168m[48;2;255;224;168m▀[38;2;255;228;168m[48;2;255;228;168m▀▀[48;2;255;224;164m▀[48;2;255;228;168m▀▀▀[48;2;255;232;172m▀[38;2;255;228;172m▀[48;2;255;228;168m▀[38;2;255;232;172m▀[38;2;255;228;172m[48;2;255;232;168m▀[48;2;255;228;168m▀[38;2;255;228;168m▀▀▀[48;2;255;232;172m▀[38;2;255;232;172m[48;2;255;232;168m▀[48;2;255;228;168m▀[38;2;255;228;168m▀▀▀[48;2;255;232;168m▀[38;2;255;224;164m▀[38;2;255;228;172m[48;2;255;228;168m▀[38;2;255;228;168m[48;2;255;228;172m▀[48;2;255;232;172m▀[38;2;255;232;172m[48;2;255;232;168m▀▀[48;2;255;228;168m▀[38;2;252;228;164m▀[38;2;184;124;88m[48;2;252;232;192m▀[38;2;180;56;56m[48;2;208;140;120m▀[38;2;212;124;112m[48;2;184;52;44m▀[38;2;255;236;192m[48;2;204;104;84m▀[38;2;255;240;176m[48;2;232;196;168m▀[38;2;255;232;168m[48;2;255;240;192m▀[38;2;255;224;160m[48;2;255;228;164m▀[38;2;255;228;160m[48;2;255;224;156m▀[48;2;255;224;160m▀[38;2;255;224;156m▀[38;2;255;224;160m[48;2;255;220;156m▀[48;2;255;224;160m▀[38;2;255;220;156m[48;2;255;220;156m▀[38;2;255;224;160m[48;2;255;220;160m▀[38;2;255;220;156m▀[38;2;255;224;156m[48;2;255;220;156m▀[48;2;255;228;160m▀[48;2;255;224;156m▀[38;2;255;224;160m[48;2;255;220;156m▀[48;2;255;224;156m▀[38;2;255;228;160m[48;2;255;224;152m▀[38;2;255;220;160m[48;2;255;224;160m▀▀[38;2;255;224;164m[48;2;255;228;164m▀[38;2;255;224;160m[48;2;255;224;164m▀▀[38;2;255;224;156m[48;2;255;224;160m▀▀[38;2;255;220;156m▀▀[48;2;255;220;152m▀[38;2;255;224;160m[48;2;255;220;164m▀[38;2;255;220;156m[48;2;255;220;160m▀[38;2;255;224;160m▀[38;2;255;228;164m[48;2;255;224;160m▀[38;2;255;224;160m[48;2;255;220;156m▀▀[48;2;255;224;160m▀[38;2;255;224;164m[48;2;255;220;156m▀[38;2;252;220;160m[48;2;252;224;160m▀[38;2;255;228;156m[48;2;255;224;152m▀[38;2;156;116;88m[48;2;160;120;92m▀[0m
[38;2;140;64;60m[48;2;160;72;68m▀[38;2;255;76;68m[48;2;252;72;60m▀[38;2;224;52;40m[48;2;255;76;48m▀[38;2;176;116;96m[48;2;192;80;68m▀[38;2;255;236;180m[48;2;244;220;180m▀[38;2;252;220;156m[48;2;255;232;160m▀[38;2;255;236;172m[48;2;252;224;156m▀[38;2;255;232;172m[48;2;255;228;164m▀[38;2;255;228;164m▀[38;2;255;228;168m▀[38;2;255;224;168m▀[38;2;255;228;168m[48;2;255;232;168m▀▀[48;2;255;228;164m▀▀▀[48;2;255;228;168m▀▀[38;2;255;228;164m[48;2;255;224;164m▀[38;2;255;228;168m▀[48;2;255;228;168m▀▀[38;2;255;232;168m▀[38;2;255;228;164m[48;2;255;228;164m▀[38;2;255;228;168m▀[38;2;255;228;164m▀▀▀[38;2;255;228;168m[48;2;255;228;168m▀[38;2;255;228;164m▀[38;2;255;228;168m▀▀[38;2;255;228;172m▀[38;2;255;232;172m▀[38;2;255;232;168m[48;2;255;228;164m▀[38;2;255;232;172m[48;2;255;232;172m▀[38;2;255;232;168m[48;2;255;232;168m▀[38;2;255;228;172m▀[38;2;255;232;176m[48;2;255;228;164m▀[38;2;255;244;184m[48;2;255;236;176m▀[38;2;200;132;104m[48;2;248;224;184m▀[38;2;212;64;60m[48;2;196;108;84m▀[38;2;184;48;44m[48;2;255;88;72m▀[38;2;212;160;124m[48;2;192;52;40m▀[38;2;255;244;180m[48;2;236;192;156m▀[38;2;252;220;152m[48;2;255;244;176m▀[38;2;255;224;160m[48;2;255;224;152m▀[48;2;255;220;148m▀[38;2;255;220;156m[48;2;255;220;152m▀[38;2;255;224;160m[48;2;255;224;156m▀[48;2;255;224;164m▀[38;2;255;224;164m[48;2;255;224;160m▀[38;2;255;220;160m▀[38;2;255;220;156m▀[38;2;255;228;164m▀[38;2;255;224;156m▀▀[48;2;255;224;156m▀[38;2;255;224;160m[48;2;255;224;160m▀[38;2;255;220;156m[48;2;255;228;164m▀[38;2;255;224;160m[48;2;255;224;156m▀[38;2;255;220;160m[48;2;255;220;156m▀[38;2;255;224;160m[48;2;255;224;160m▀▀[48;2;255;220;156m▀[48;2;255;224;160m▀▀[38;2;255;224;156m[48;2;255;220;156m▀[48;2;255;224;160m▀[38;2;255;220;164m▀[38;2;255;216;160m▀[38;2;255;216;156m[48;2;255;216;152m▀[38;2;255;224;160m[48;2;255;216;148m▀[48;2;255;216;152m▀[48;2;255;224;156m▀[38;2;255;220;156m▀[38;2;255;224;156m[48;2;255;216;148m▀[38;2;252;220;156m[48;2;252;208;132m▀[38;2;255;220;148m[48;2;255;224;152m▀[38;2;160;124;92m[48;2;156;124;88m▀[0m
[38;2;164;72;72m[48;2;168;68;68m▀[38;2;255;72;60m[48;2;255;68;52m▀[38;2;255;68;44m[48;2;255;68;40m▀[38;2;228;72;60m[48;2;255;76;56m▀[38;2;188;104;80m[48;2;236;68;48m▀[38;2;236;216;176m[48;2;180;80;68m▀[38;2;255;232;184m[48;2;188;148;120m▀[38;2;255;224;164m[48;2;236;208;156m▀[38;2;255;228;168m[48;2;252;228;164m▀[48;2;255;232;176m▀[38;2;255;220;164m[48;2;255;228;176m▀[38;2;255;224;168m[48;2;255;220;168m▀[38;2;255;228;168m[48;2;236;192;140m▀[38;2;255;232;172m[48;2;240;204;144m▀[38;2;255;228;168m[48;2;255;224;164m▀[48;2;255;220;160m▀[48;2;255;228;164m▀[48;2;255;228;168m▀[48;2;255;232;172m▀▀[38;2;255;228;172m▀[38;2;255;232;172m[48;2;255;228;168m▀[38;2;255;228;168m▀[38;2;255;228;164m▀[38;2;255;228;168m▀[48;2;255;224;164m▀▀[38;2;252;224;164m[48;2;255;236;176m▀[38;2;252;228;164m[48;2;255;244;184m▀[38;2;252;224;164m[48;2;255;236;176m▀[38;2;252;220;160m[48;2;255;236;172m▀[38;2;255;220;160m[48;2;255;232;168m▀[38;2;255;224;164m[48;2;255;232;172m▀[38;2;255;228;168m▀[38;2;255;232;168m[48;2;255;228;164m▀[38;2;255;224;164m[48;2;255;232;172m▀[38;2;255;228;168m[48;2;255;236;172m▀[38;2;252;228;168m[48;2;255;240;176m▀[38;2;252;224;160m[48;2;255;244;184m▀[38;2;252;224;164m[48;2;255;240;184m▀[38;2;255;248;204m[48;2;244;196;164m▀[38;2;208;136;112m[48;2;176;64;48m▀[38;2;236;68;52m[48;2;240;80;56m▀[38;2;248;84;76m[48;2;255;80;60m▀[38;2;200;64;52m[48;2;252;80;68m▀[38;2;228;180;144m[48;2;212;60;60m▀[38;2;255;240;188m[48;2;192;100;84m▀[38;2;255;236;180m[48;2;216;148;124m▀[38;2;255;228;172m[48;2;240;208;160m▀[38;2;255;224;164m[48;2;255;228;176m▀[38;2;255;220;160m[48;2;255;240;180m▀[38;2;252;220;156m[48;2;255;240;176m▀[48;2;255;244;176m▀[38;2;252;224;156m▀[38;2;255;224;160m[48;2;255;240;172m▀[48;2;255;236;172m▀[48;2;255;232;164m▀[38;2;255;228;164m[48;2;255;236;168m▀[48;2;255;228;160m▀[38;2;255;232;168m[48;2;255;224;160m▀[38;2;255;224;160m[48;2;255;228;160m▀[48;2;255;232;168m▀[38;2;255;228;164m[48;2;255;228;164m▀[38;2;255;232;168m▀[38;2;255;224;164m[48;2;255;224;164m▀[38;2;255;220;160m[48;2;255;216;156m▀[38;2;255;224;160m[48;2;255;220;156m▀[38;2;255;228;164m▀[38;2;255;224;160m[48;2;255;216;152m▀[38;2;255;220;156m▀[38;2;255;224;160m[48;2;255;212;148m▀[38;2;255;216;152m▀[38;2;255;212;148m[48;2;255;212;144m▀[38;2;255;212;144m[48;2;255;208;140m▀[48;2;255;208;136m▀[38;2;255;216;148m▀[38;2;255;212;140m▀[38;2;252;204;132m[48;2;255;204;124m▀[38;2;252;216;144m[48;2;255;220;148m▀[38;2;156;124;84m[48;2;160;128;92m▀[0m
[38;2;160;68;64m[48;2;164;72;64m▀[38;2;255;68;52m[48;2;255;72;52m▀[38;2;255;72;44m[48;2;255;76;44m▀[38;2;255;64;44m[48;2;255;72;48m▀[38;2;255;68;48m[48;2;252;64;44m▀[38;2;252;64;40m[48;2;252;64;40m▀[38;2;196;48;36m[48;2;255;72;56m▀[38;2;168;64;52m[48;2;252;68;56m▀[38;2;168;84;68m[48;2;244;60;52m▀[38;2;176;96;84m[48;2;232;56;48m▀[38;2;168;92;80m[48;2;224;52;44m▀[38;2;164;84;72m[48;2;236;56;48m▀[38;2;136;44;32m[48;2;255;72;72m▀[38;2;168;100;72m[48;2;216;60;60m▀[38;2;252;228;176m[48;2;192;116;84m▀[38;2;255;208;152m[48;2;252;216;164m▀[38;2;255;224;160m[48;2;255;224;164m▀[38;2;255;236;172m▀[38;2;255;232;172m[48;2;252;228;172m▀[38;2;255;232;168m[48;2;252;228;164m▀[38;2;255;232;164m[48;2;255;228;160m▀[38;2;255;228;160m[48;2;255;228;164m▀[38;2;255;228;168m[48;2;255;224;164m▀[38;2;255;228;172m[48;2;255;224;168m▀[38;2;255;232;172m[48;2;252;224;168m▀[38;2;255;232;176m[48;2;255;224;164m▀[38;2;232;204;152m[48;2;255;232;184m▀[38;2;188;160;124m[48;2;208;172;144m▀[38;2;204;160;136m[48;2;192;68;60m▀[38;2;212;172;136m[48;2;216;60;52m▀[38;2;212;176;140m[48;2;204;56;52m▀[38;2;216;180;148m[48;2;192;48;48m▀[38;2;232;196;160m[48;2;200;60;52m▀[48;2;192;56;52m▀[38;2;228;188;152m▀[48;2;196;56;48m▀[38;2;220;188;156m[48;2;192;56;44m▀[38;2;208;168;136m[48;2;200;60;48m▀[38;2;196;136;116m[48;2;208;48;36m▀[38;2;184;100;84m[48;2;228;60;40m▀[38;2;180;48;44m[48;2;255;72;44m▀[38;2;216;64;56m[48;2;255;88;60m▀[38;2;255;88;64m[48;2;255;80;60m▀[38;2;255;76;56m[48;2;255;76;60m▀[38;2;255;80;60m▀[38;2;255;84;68m[48;2;255;76;56m▀[38;2;244;72;52m[48;2;255;84;60m▀[38;2;224;52;36m[48;2;255;88;64m▀[38;2;196;60;44m[48;2;255;84;64m▀[38;2;200;92;76m[48;2;252;76;60m▀[38;2;204;112;96m[48;2;240;64;48m▀[38;2;192;140;112m[48;2;220;48;44m▀[38;2;200;156;128m[48;2;208;48;44m▀[38;2;208;184;152m[48;2;204;56;52m▀[38;2;224;196;164m[48;2;200;60;52m▀[38;2;232;204;168m[48;2;196;60;52m▀[38;2;240;216;172m[48;2;184;68;64m▀[38;2;244;220;172m[48;2;176;72;68m▀[38;2;252;232;184m[48;2;176;88;80m▀[38;2;248;232;172m[48;2;172;84;80m▀[38;2;252;232;172m[48;2;172;88;72m▀[38;2;255;232;176m[48;2;240;200;144m▀[38;2;255;228;172m[48;2;255;244;180m▀[38;2;255;236;176m[48;2;228;176;128m▀[38;2;255;232;180m[48;2;220;136;92m▀[38;2;255;232;176m[48;2;224;152;108m▀[38;2;255;240;180m[48;2;220;152;112m▀[38;2;255;236;172m[48;2;220;152;104m▀[38;2;255;232;164m[48;2;224;152;104m▀[38;2;255;232;168m[48;2;232;164;116m▀[38;2;255;228;164m[48;2;232;160;116m▀[38;2;255;224;164m[48;2;228;156;112m▀[38;2;255;228;160m[48;2;232;160;104m▀[38;2;255;228;156m[48;2;224;148;100m▀[38;2;255;224;144m[48;2;216;136;96m▀[38;2;255;220;152m[48;2;200;116;84m▀[38;2;255;216;156m[48;2;188;96;76m▀[38;2;248;212;160m[48;2;176;68;60m▀[38;2;212;144;116m[48;2;184;44;44m▀[38;2;120;68;64m[48;2;144;44;52m▀[0m
[38;2;176;72;64m[48;2;168;68;68m▀[38;2;255;72;52m[48;2;255;72;44m▀[38;2;255;72;40m[48;2;255;76;48m▀[38;2;255;68;44m[48;2;255;64;44m▀[38;2;255;64;40m[48;2;255;68;48m▀[38;2;252;68;52m[48;2;255;72;48m▀[38;2;252;64;44m[48;2;252;68;44m▀[38;2;248;64;44m▀[38;2;255;72;48m[48;2;255;76;52m▀[38;2;255;76;48m[48;2;255;80;56m▀[38;2;255;80;52m[48;2;255;76;52m▀[38;2;255;80;56m[48;2;255;76;56m▀[38;2;252;76;56m[48;2;255;80;56m▀[38;2;255;76;56m[48;2;252;76;44m▀[38;2;220;56;52m[48;2;255;76;60m▀[38;2;176;92;76m[48;2;236;68;52m▀[38;2;220;184;144m[48;2;184;64;56m▀[38;2;255;224;180m[48;2;184;108;92m▀[38;2;255;232;176m[48;2;176;128;104m▀[38;2;255;232;172m[48;2;184;152;116m▀[38;2;255;224;164m[48;2;252;216;168m▀[48;2;255;220;172m▀[38;2;255;228;168m[48;2;196;112;80m▀[38;2;255;224;168m[48;2;188;80;56m▀[38;2;255;228;172m[48;2;184;88;72m▀[38;2;255;216;164m[48;2;184;72;56m▀[38;2;255;208;156m[48;2;200;68;52m▀[38;2;232;172;140m[48;2;184;52;36m▀[38;2;208;68;56m[48;2;228;76;56m▀[38;2;255;80;60m[48;2;252;92;60m▀[38;2;255;84;60m[48;2;252;80;44m▀[48;2;252;76;40m▀▀[48;2;252;76;44m▀[38;2;255;76;52m[48;2;255;76;44m▀[48;2;252;76;44m▀[38;2;255;84;60m[48;2;252;80;48m▀[38;2;255;84;56m[48;2;252;68;40m▀[38;2;255;88;56m[48;2;255;72;40m▀[38;2;255;84;56m[48;2;255;76;48m▀[38;2;255;72;40m[48;2;255;80;48m▀[38;2;255;76;48m[48;2;255;80;52m▀[38;2;255;80;52m[48;2;255;72;52m▀[38;2;255;80;56m[48;2;255;80;56m▀[48;2;255;80;52m▀[38;2;255;72;52m[48;2;255;76;52m▀[38;2;255;76;48m[48;2;255;84;56m▀[38;2;255;80;48m[48;2;255;80;52m▀[38;2;255;76;44m[48;2;255;72;44m▀[48;2;255;76;44m▀[38;2;255;80;48m[48;2;255;72;40m▀[38;2;255;80;56m[48;2;255;68;44m▀[38;2;255;84;60m[48;2;252;72;52m▀[48;2;252;76;52m▀[38;2;255;76;56m[48;2;252;68;44m▀[38;2;255;72;56m[48;2;252;68;48m▀[38;2;255;76;56m[48;2;255;72;44m▀[38;2;255;76;60m▀[38;2;255;64;52m[48;2;255;72;48m▀[38;2;255;72;64m[48;2;255;76;52m▀[38;2;236;60;48m[48;2;244;68;44m▀[38;2;220;168;112m[48;2;232;156;112m▀[38;2;255;248;180m[48;2;248;220;168m▀[38;2;204;88;72m[48;2;216;76;60m▀[38;2;244;56;44m[48;2;255;68;60m▀[38;2;244;60;44m[48;2;255;76;56m▀[38;2;244;64;44m[48;2;255;80;48m▀[38;2;244;56;44m[48;2;255;68;44m▀[38;2;240;60;44m▀[38;2;244;60;44m[48;2;255;72;48m▀[38;2;244;68;48m▀[38;2;244;64;40m[48;2;255;72;44m▀[38;2;244;56;44m[48;2;255;64;48m▀[38;2;240;56;44m▀[38;2;244;56;40m[48;2;255;68;44m▀[38;2;240;48;36m[48;2;255;64;44m▀[38;2;244;52;40m[48;2;255;60;36m▀[38;2;255;60;36m[48;2;255;68;28m▀[38;2;255;76;56m[48;2;252;64;40m▀[38;2;164;68;60m[48;2;168;72;60m▀[0m
[38;2;168;64;64m[48;2;176;64;68m▀[38;2;255;76;40m[48;2;255;72;40m▀[38;2;255;76;48m[48;2;255;68;44m▀[38;2;255;68;52m[48;2;255;68;56m▀[38;2;255;68;48m[48;2;255;68;48m▀[38;2;255;72;52m[48;2;255;72;48m▀[38;2;252;68;44m[48;2;255;68;48m▀[38;2;255;72;48m[48;2;255;72;52m▀[38;2;255;76;56m[48;2;255;76;56m▀▀[38;2;255;72;52m[48;2;255;72;52m▀▀[38;2;255;76;52m[48;2;255;76;52m▀[38;2;255;72;48m[48;2;255;80;52m▀[38;2;252;76;48m[48;2;255;80;56m▀[38;2;255;84;60m▀[38;2;255;72;64m[48;2;255;72;56m▀[38;2;236;64;56m[48;2;255;80;56m▀[38;2;216;68;64m[48;2;255;88;56m▀[38;2;172;48;48m[48;2;255;72;56m▀[38;2;220;168;132m[48;2;220;128;92m▀[38;2;252;212;168m[48;2;255;232;172m▀[38;2;192;60;52m[48;2;220;112;76m▀[38;2;236;60;64m[48;2;255;68;52m▀[38;2;228;60;44m[48;2;255;80;48m▀[38;2;236;64;40m[48;2;255;80;44m▀[38;2;252;80;52m[48;2;255;84;48m▀[38;2;255;92;64m[48;2;255;76;44m▀▀[38;2;255;88;52m[48;2;255;76;40m▀[38;2;255;84;48m[48;2;255;80;48m▀[38;2;255;76;44m[48;2;255;84;52m▀[38;2;255;80;48m[48;2;255;72;36m▀[38;2;255;76;48m[48;2;255;68;40m▀[38;2;252;64;40m[48;2;255;64;44m▀[38;2;255;76;44m[48;2;255;68;40m▀[38;2;255;80;44m[48;2;255;72;40m▀[38;2;255;76;44m[48;2;255;76;44m▀[38;2;255;76;40m[48;2;255;76;40m▀[38;2;255;80;48m[48;2;255;84;52m▀[38;2;255;80;44m[48;2;255;76;40m▀[38;2;255;72;48m[48;2;255;76;44m▀[38;2;255;68;52m[48;2;255;80;52m▀[38;2;255;80;56m[48;2;255;76;52m▀[38;2;255;80;52m[48;2;255;72;48m▀[38;2;255;84;52m[48;2;255;80;52m▀[38;2;255;84;60m[48;2;255;80;56m▀[38;2;255;80;60m[48;2;255;76;48m▀[38;2;255;72;44m[48;2;255;72;44m▀[48;2;255;72;40m▀[38;2;255;72;40m[48;2;255;68;40m▀[38;2;255;68;44m[48;2;255;72;48m▀[38;2;255;72;52m[48;2;255;68;48m▀[38;2;255;76;52m[48;2;252;68;44m▀[38;2;255;72;44m[48;2;255;76;52m▀[38;2;255;76;52m[48;2;255;72;48m▀[38;2;255;72;48m[48;2;255;72;44m▀[38;2;255;72;52m[48;2;255;68;44m▀[38;2;255;72;56m[48;2;255;64;48m▀[48;2;255;68;48m▀[38;2;248;60;44m[48;2;252;64;48m▀[38;2;240;132;104m[48;2;228;116;80m▀[38;2;228;180;144m[48;2;228;144;96m▀[38;2;224;60;52m[48;2;244;60;48m▀[38;2;255;76;56m[48;2;255;72;56m▀[38;2;255;72;52m[48;2;255;72;52m▀[48;2;255;68;48m▀[38;2;255;60;36m[48;2;255;72;48m▀[38;2;255;64;44m▀[48;2;255;64;40m▀[38;2;255;60;40m▀[38;2;255;64;40m[48;2;255;60;40m▀▀[48;2;255;64;40m▀[38;2;255;64;44m[48;2;255;60;36m▀[38;2;255;60;40m[48;2;255;60;40m▀[38;2;255;64;40m[48;2;255;68;36m▀[38;2;255;64;32m▀[38;2;255;64;40m[48;2;255;72;56m▀[38;2;176;76;64m[48;2;176;76;64m▀[0m
[38;2;172;64;64m[48;2;172;68;56m▀[38;2;255;76;48m[48;2;255;76;52m▀[38;2;255;72;48m[48;2;255;72;44m▀[38;2;255;72;52m[48;2;255;76;48m▀[38;2;255;68;44m[48;2;255;68;40m▀[38;2;255;68;48m[48;2;255;68;48m▀[38;2;255;72;52m[48;2;255;72;52m▀▀[48;2;255;72;48m▀[38;2;255;76;52m[48;2;255;76;52m▀▀[48;2;252;72;48m▀[48;2;255;76;52m▀[48;2;255;68;44m▀[38;2;255;72;48m▀[48;2;255;72;44m▀[38;2;255;76;52m[48;2;255;76;48m▀[38;2;255;76;48m[48;2;255;76;44m▀[38;2;252;76;48m[48;2;255;76;48m▀[38;2;255;76;52m[48;2;255;80;56m▀[38;2;220;84;48m[48;2;228;68;44m▀[38;2;252;216;164m[48;2;228;168;124m▀[38;2;228;144;96m[48;2;232;180;124m▀[38;2;240;68;52m[48;2;224;56;36m▀[38;2;255;76;48m[48;2;255;72;44m▀[38;2;255;80;48m[48;2;255;76;44m▀▀[38;2;255;76;44m[48;2;255;80;44m▀▀[38;2;255;80;44m[48;2;255;80;48m▀[38;2;255;80;48m[48;2;255;84;52m▀[48;2;255;76;44m▀[38;2;255;76;48m[48;2;255;76;52m▀[48;2;255;80;60m▀[38;2;255;72;52m[48;2;255;76;60m▀[38;2;255;76;48m[48;2;255;72;48m▀[38;2;255;72;44m[48;2;255;68;48m▀[38;2;255;72;48m[48;2;255;72;52m▀[38;2;255;72;44m[48;2;255;68;44m▀[38;2;255;80;48m[48;2;255;80;52m▀[48;2;255;84;56m▀[38;2;255;80;52m[48;2;255;84;60m▀[38;2;255;84;56m[48;2;255;80;56m▀[38;2;255;80;52m[48;2;255;76;52m▀[48;2;255;80;56m▀[48;2;255;76;48m▀[48;2;255;76;52m▀[38;2;255;76;52m[48;2;255;76;56m▀[38;2;255;72;44m[48;2;255;76;44m▀[38;2;255;72;40m[48;2;255;72;40m▀[38;2;255;72;44m[48;2;255;72;44m▀[38;2;255;64;40m▀[38;2;255;76;52m[48;2;255;72;48m▀[38;2;255;72;48m[48;2;255;76;44m▀[38;2;255;72;52m[48;2;255;76;56m▀[38;2;255;80;52m[48;2;212;64;36m▀[38;2;255;80;60m[48;2;220;60;44m▀[38;2;255;68;52m[48;2;255;64;52m▀[38;2;255;68;48m[48;2;255;72;52m▀[48;2;255;76;56m▀[38;2;255;68;52m[48;2;255;72;52m▀[38;2;224;92;68m[48;2;224;84;60m▀[38;2;236;124;96m[48;2;224;84;72m▀[38;2;255;60;48m[48;2;255;64;48m▀[38;2;255;72;52m[48;2;255;76;52m▀[38;2;255;68;48m[48;2;255;68;44m▀[48;2;255;76;48m▀[48;2;255;68;44m▀[38;2;255;64;40m[48;2;255;64;36m▀[38;2;255;60;36m▀[38;2;255;64;40m▀[38;2;255;64;36m▀[38;2;255;60;36m[48;2;255;64;32m▀[38;2;255;64;40m[48;2;255;64;36m▀[48;2;255;68;44m▀[48;2;255;64;40m▀[38;2;255;64;36m▀[38;2;255;72;44m[48;2;255;68;40m▀[38;2;255;68;44m▀[38;2;176;76;64m[48;2;176;80;64m▀[0m
[38;2;172;68;60m[48;2;176;72;60m▀[38;2;255;76;52m[48;2;255;80;56m▀[38;2;255;72;44m[48;2;255;76;48m▀[38;2;255;68;44m[48;2;255;68;44m▀[38;2;255;72;44m▀[38;2;255;68;48m[48;2;255;72;52m▀[48;2;255;68;48m▀▀[38;2;255;76;52m[48;2;255;76;56m▀[38;2;255;72;48m[48;2;255;72;52m▀[38;2;252;72;48m[48;2;252;72;48m▀[38;2;252;76;52m▀[38;2;252;72;48m[48;2;252;72;44m▀[38;2;252;68;40m[48;2;255;80;48m▀[38;2;255;76;48m[48;2;255;80;52m▀[38;2;255;80;52m[48;2;255;76;48m▀[38;2;255;76;48m[48;2;255;80;52m▀[38;2;255;72;48m▀[38;2;255;76;48m[48;2;255;76;48m▀[48;2;255;72;44m▀[38;2;244;64;40m[48;2;255;72;48m▀[38;2;216;120;92m[48;2;204;80;52m▀[38;2;248;204;156m[48;2;236;196;156m▀[38;2;224;76;52m[48;2;232;104;76m▀[38;2;255;76;52m[48;2;255;72;52m▀[38;2;255;76;48m[48;2;255;80;52m▀[38;2;255;80;48m[48;2;255;80;44m▀[48;2;255;80;48m▀[38;2;255;80;44m▀[38;2;255;80;48m[48;2;255;80;44m▀[38;2;255;76;44m[48;2;255;76;40m▀[38;2;255;80;48m[48;2;255;76;44m▀[38;2;255;76;52m[48;2;255;72;48m▀[38;2;255;72;48m▀[38;2;255;68;48m[48;2;255;64;44m▀[38;2;255;68;44m[48;2;255;68;48m▀[48;2;255;72;48m▀[48;2;255;72;44m▀[38;2;255;68;40m[48;2;255;68;44m▀[38;2;255;76;48m[48;2;255;68;40m▀[48;2;255;76;48m▀[48;2;255;72;48m▀[38;2;255;76;52m▀[38;2;255;76;60m[48;2;255;76;60m▀[38;2;232;72;48m[48;2;212;56;36m▀[38;2;252;80;56m[48;2;244;68;48m▀[38;2;255;68;44m[48;2;255;68;40m▀[38;2;255;68;36m▀[38;2;255;72;40m▀[38;2;255;68;36m▀[48;2;255;72;44m▀[38;2;255;72;48m[48;2;255;72;48m▀[48;2;255;76;48m▀[38;2;255;72;44m[48;2;255;72;48m▀[38;2;255;76;48m[48;2;252;68;40m▀[38;2;144;72;60m[48;2;116;88;76m▀[38;2;148;64;52m[48;2;112;68;64m▀[38;2;255;72;52m[48;2;252;60;44m▀[38;2;252;68;48m[48;2;252;60;36m▀[38;2;255;68;52m[48;2;252;60;40m▀[38;2;255;68;44m[48;2;252;72;48m▀[38;2;232;64;40m[48;2;236;64;44m▀[38;2;212;52;40m[48;2;228;60;48m▀[38;2;255;68;48m[48;2;255;76;52m▀[38;2;255;72;44m[48;2;255;72;44m▀[38;2;255;68;44m[48;2;255;72;48m▀[38;2;255;72;48m▀[38;2;255;64;40m[48;2;255;68;44m▀[48;2;255;64;40m▀[38;2;255;60;32m[48;2;252;60;32m▀[48;2;255;64;36m▀[38;2;255;68;36m[48;2;255;68;36m▀[38;2;255;64;36m[48;2;255;64;36m▀[48;2;255;60;36m▀[38;2;255;64;44m[48;2;255;64;44m▀[38;2;255;68;44m[48;2;255;64;40m▀[48;2;255;60;36m▀[38;2;255;64;36m[48;2;255;68;36m▀[38;2;255;68;40m[48;2;252;64;36m▀[38;2;168;72;56m[48;2;168;72;56m▀[0m
[38;2;172;60;52m[48;2;168;56;48m▀[38;2;255;72;52m[48;2;255;72;48m▀[38;2;255;80;52m[48;2;255;76;48m▀[48;2;255;80;52m▀[38;2;255;76;52m[48;2;255;72;48m▀[38;2;255;72;52m[48;2;255;72;52m▀[38;2;255;76;52m[48;2;255;76;52m▀[38;2;255;72;48m▀[38;2;255;76;56m[48;2;255;80;56m▀[38;2;255;80;56m[48;2;255;80;60m▀[38;2;255;76;52m[48;2;255;80;52m▀[38;2;255;80;52m[48;2;255;76;52m▀[38;2;255;76;48m[48;2;255;84;56m▀[38;2;255;84;52m[48;2;255;88;52m▀[38;2;255;80;52m[48;2;255;84;52m▀[48;2;255;80;52m▀[38;2;255;80;48m[48;2;255;80;48m▀▀[38;2;255;80;52m▀[38;2;255;76;52m[48;2;255;80;56m▀▀[38;2;236;80;52m[48;2;255;84;56m▀[38;2;208;144;112m[48;2;208;92;72m▀[38;2;236;132;108m[48;2;212;132;108m▀[38;2;252;76;48m[48;2;244;80;48m▀[38;2;255;80;52m[48;2;255;80;56m▀[38;2;255;84;48m[48;2;255;80;48m▀[38;2;255;80;48m[48;2;255;76;44m▀[38;2;255;84;48m▀[38;2;255;80;44m▀[38;2;255;76;44m[48;2;255;80;44m▀▀[38;2;255;76;48m[48;2;255;80;52m▀[38;2;255;72;52m[48;2;255;68;44m▀[38;2;255;68;52m[48;2;255;68;48m▀[38;2;255;76;52m[48;2;255;72;48m▀[38;2;255;72;48m▀[38;2;255;64;40m[48;2;255;72;44m▀[38;2;255;72;48m[48;2;255;76;48m▀[38;2;255;80;52m[48;2;255;76;52m▀[38;2;255;76;48m[48;2;255;72;48m▀[38;2;255;68;48m▀[38;2;252;64;44m[48;2;252;68;44m▀[38;2;255;76;44m[48;2;255;72;40m▀[38;2;204;48;44m[48;2;200;48;40m▀[38;2;240;68;48m[48;2;240;68;44m▀[38;2;240;60;36m[48;2;240;56;32m▀[38;2;244;56;40m[48;2;240;60;44m▀[38;2;255;72;48m[48;2;255;76;52m▀[38;2;255;68;44m[48;2;255;76;48m▀[38;2;255;76;48m[48;2;255;76;52m▀▀[48;2;255;80;60m▀[38;2;255;76;56m[48;2;255;72;52m▀[38;2;244;64;36m[48;2;228;60;36m▀[38;2;104;92;92m[48;2;84;108;92m▀[38;2;60;76;84m[48;2;48;116;112m▀[38;2;220;52;40m[48;2;100;40;36m▀[38;2;255;80;56m[48;2;156;52;40m▀[38;2;255;68;48m[48;2;132;40;32m▀[38;2;255;80;60m[48;2;132;60;44m▀[38;2;255;76;60m[48;2;144;80;56m▀[38;2;255;72;44m[48;2;184;72;44m▀[38;2;255;76;40m[48;2;252;80;56m▀[38;2;252;72;40m[48;2;255;84;56m▀[38;2;255;68;36m[48;2;252;72;40m▀[38;2;255;72;44m[48;2;255;76;48m▀[38;2;255;64;36m[48;2;255;64;28m▀[48;2;252;68;52m▀[38;2;255;72;52m[48;2;196;44;48m▀[38;2;255;60;32m[48;2;244;60;40m▀[38;2;255;64;32m[48;2;255;68;36m▀[48;2;255;60;36m▀[38;2;255;64;36m▀[38;2;255;64;44m[48;2;255;64;40m▀[38;2;255;60;40m[48;2;255;60;40m▀[38;2;255;64;44m[48;2;255;64;40m▀[38;2;255;68;28m[48;2;255;68;28m▀[38;2;252;60;36m[48;2;252;64;36m▀[38;2;172;76;68m[48;2;172;76;68m▀[0m
[38;2;176;64;52m[48;2;172;60;52m▀[38;2;255;76;52m[48;2;255;72;48m▀[38;2;255;72;44m[48;2;255;76;48m▀[38;2;255;76;48m[48;2;255;84;56m▀[38;2;255;80;52m[48;2;255;76;48m▀[38;2;255;76;56m[48;2;255;76;52m▀[38;2;255;76;52m▀▀[38;2;255;72;52m[48;2;255;80;52m▀[38;2;255;76;52m[48;2;255;80;48m▀[38;2;255;80;52m[48;2;255;84;52m▀[38;2;255;84;56m[48;2;255;88;56m▀[38;2;255;88;60m[48;2;255;88;52m▀[38;2;255;88;56m[48;2;255;88;56m▀[38;2;255;84;52m[48;2;255;84;52m▀[38;2;255;80;52m[48;2;255;80;52m▀[38;2;255;84;52m[48;2;255;88;60m▀[38;2;255;80;48m[48;2;255;76;44m▀[38;2;255;76;44m[48;2;255;80;44m▀[38;2;255;80;52m[48;2;255;88;56m▀[48;2;255;84;52m▀[38;2;255;84;56m[48;2;255;76;52m▀[38;2;232;80;64m[48;2;252;84;64m▀[38;2;188;108;84m[48;2;204;80;52m▀[38;2;236;80;52m[48;2;232;88;68m▀[38;2;255;80;56m[48;2;255;88;48m▀[38;2;255;84;48m[48;2;255;84;44m▀▀[38;2;255;80;48m▀[48;2;255;84;48m▀[38;2;255;84;48m[48;2;255;88;52m▀[38;2;255;84;52m[48;2;255;84;48m▀[38;2;255;72;48m[48;2;255;76;48m▀▀[38;2;255;68;44m[48;2;255;72;44m▀[48;2;255;68;44m▀[38;2;255;72;48m[48;2;255;64;40m▀[38;2;255;72;44m[48;2;255;72;44m▀[38;2;255;76;48m[48;2;255;72;48m▀[38;2;255;72;48m▀▀[38;2;255;76;48m[48;2;255;76;48m▀[38;2;255;80;52m▀[38;2;248;64;32m[48;2;220;64;44m▀[38;2;188;40;32m[48;2;168;44;36m▀[38;2;236;72;44m[48;2;236;72;44m▀[38;2;248;60;36m[48;2;248;60;36m▀[38;2;236;60;44m[48;2;216;56;32m▀[38;2;244;60;40m[48;2;240;56;40m▀[38;2;255;76;52m[48;2;240;60;48m▀[48;2;248;80;52m▀[38;2;255;72;52m[48;2;252;72;48m▀[38;2;252;80;60m[48;2;248;72;44m▀[38;2;255;80;56m[48;2;255;80;48m▀[38;2;216;60;36m[48;2;192;64;36m▀[38;2;68;100;84m[48;2;60;100;88m▀[38;2;60;116;120m[48;2;60;124;124m▀[38;2;40;64;76m[48;2;76;128;132m▀[38;2;48;84;84m[48;2;80;132;144m▀[38;2;48;104;100m[48;2;64;124;132m▀[38;2;48;112;108m[48;2;72;136;140m▀[38;2;52;104;104m[48;2;68;132;140m▀[38;2;60;92;92m[48;2;72;140;144m▀[38;2;84;48;52m[48;2;60;124;132m▀[38;2;172;56;48m[48;2;56;72;72m▀[38;2;255;80;68m[48;2;128;44;40m▀[38;2;255;68;40m[48;2;252;96;76m▀[38;2;255;80;60m[48;2;168;48;32m▀[38;2;148;68;44m[48;2;60;88;76m▀[38;2;92;36;24m[48;2;120;56;48m▀[38;2;244;64;48m[48;2;255;64;44m▀[38;2;255;68;40m[48;2;255;60;36m▀[38;2;255;60;36m▀[48;2;255;64;40m▀[38;2;255;60;40m▀[48;2;255;64;44m▀[38;2;255;64;40m[48;2;255;68;44m▀[38;2;255;68;28m[48;2;255;68;40m▀[38;2;252;64;40m[48;2;248;68;48m▀[38;2;176;80;68m[48;2;180;84;68m▀[0m
[38;2;176;64;52m[48;2;176;64;56m▀[38;2;255;72;52m[48;2;255;76;52m▀[38;2;255;76;48m[48;2;255;72;44m▀[38;2;255;80;56m[48;2;255;72;48m▀[38;2;255;76;48m[48;2;255;76;52m▀[38;2;255;76;52m▀[48;2;255;80;56m▀[38;2;255;80;56m[48;2;255;84;60m▀[38;2;255;76;48m[48;2;255;80;48m▀[38;2;255;80;52m[48;2;255;80;52m▀[38;2;255;84;52m[48;2;255;84;52m▀[48;2;255;84;56m▀[48;2;255;84;52m▀[48;2;255;92;56m▀[38;2;255;80;52m[48;2;255;84;56m▀[48;2;255;80;52m▀[48;2;255;84;56m▀[38;2;255;76;48m[48;2;255;88;56m▀[38;2;255;84;52m▀[38;2;255;88;52m▀[38;2;255;84;52m[48;2;255;88;52m▀[38;2;255;80;52m[48;2;255;80;48m▀[38;2;255;84;60m[48;2;255;84;48m▀[38;2;232;84;56m[48;2;252;92;56m▀[38;2;204;64;48m[48;2;184;56;44m▀[38;2;255;92;56m[48;2;252;84;64m▀[38;2;255;84;44m[48;2;255;88;44m▀[38;2;255;80;40m[48;2;255;88;48m▀[38;2;255;84;44m[48;2;255;84;40m▀[38;2;255;80;44m[48;2;255;88;52m▀[38;2;252;84;48m[48;2;255;84;48m▀[38;2;255;84;48m[48;2;255;80;44m▀[38;2;255;84;56m[48;2;255;76;48m▀[38;2;255;80;52m[48;2;255;72;44m▀[38;2;255;76;48m[48;2;255;76;48m▀[38;2;255;68;40m[48;2;255;72;44m▀[38;2;255;68;44m▀[38;2;255;80;48m[48;2;255;76;44m▀[38;2;255;76;48m[48;2;255;76;48m▀[38;2;255;72;48m[48;2;255;80;56m▀[48;2;255;76;52m▀[38;2;255;80;52m[48;2;255;80;48m▀[38;2;255;76;48m[48;2;248;68;52m▀[38;2;212;60;48m[48;2;208;56;52m▀[38;2;172;52;44m[48;2;188;64;56m▀[38;2;232;68;44m[48;2;236;68;44m▀[38;2;255;80;52m[48;2;255;84;48m▀[38;2;216;60;40m[48;2;204;56;40m▀[38;2;236;68;44m[48;2;224;72;48m▀[38;2;212;56;36m[48;2;192;64;40m▀[38;2;252;76;52m[48;2;255;76;60m▀[38;2;252;72;48m[48;2;255;76;52m▀[38;2;252;76;48m[48;2;252;72;48m▀[38;2;255;76;44m[48;2;255;80;48m▀[38;2;184;72;40m[48;2;164;80;40m▀[38;2;64;108;96m[48;2;72;116;108m▀[38;2;68;124;124m[48;2;52;80;88m▀[38;2;60;108;108m[48;2;24;40;44m▀[38;2;52;88;96m[48;2;16;20;28m▀[48;2;12;20;28m▀[38;2;48;92;96m[48;2;12;24;32m▀[38;2;44;96;96m[48;2;32;52;60m▀[38;2;64;116;124m[48;2;40;68;80m▀[38;2;64;128;132m[48;2;44;96;104m▀[38;2;64;140;140m[48;2;56;124;132m▀[38;2;52;64;68m[48;2;68;120;124m▀[38;2;88;28;28m[48;2;56;84;84m▀[38;2;68;72;56m[48;2;60;96;96m▀[38;2;80;112;112m[48;2;88;76;84m▀[38;2;164;60;52m[48;2;212;68;52m▀[38;2;255;76;44m[48;2;255;80;36m▀[38;2;252;64;36m[48;2;252;68;36m▀[38;2;255;64;36m[48;2;255;60;28m▀[38;2;255;60;36m[48;2;255;64;36m▀[38;2;255;64;40m[48;2;255;64;40m▀[48;2;255;64;44m▀[48;2;255;68;44m▀[38;2;255;68;40m[48;2;255;64;36m▀[38;2;248;64;48m[48;2;248;60;44m▀[38;2;172;80;64m[48;2;176;80;68m▀[0m
[38;2;176;60;48m[48;2;172;52;44m▀[38;2;255;72;48m[48;2;255;76;52m▀[38;2;255;68;40m[48;2;255;76;48m▀[38;2;255;80;56m[48;2;255;80;52m▀[38;2;255;76;52m[48;2;255;72;44m▀[48;2;255;76;52m▀[38;2;255;80;56m▀[48;2;255;80;52m▀[38;2;255;80;48m[48;2;255;80;48m▀[48;2;255;80;52m▀[38;2;255;84;52m[48;2;255;84;56m▀[38;2;255;80;48m[48;2;255;80;48m▀[38;2;255;84;52m[48;2;255;84;52m▀[38;2;255;88;60m[48;2;255;88;56m▀[38;2;255;84;52m[48;2;255;84;56m▀[38;2;255;80;52m▀[38;2;255;88;60m[48;2;255;88;60m▀[38;2;255;84;60m[48;2;255;84;60m▀[48;2;252;80;56m▀[38;2;255;88;56m[48;2;255;84;56m▀[38;2;255;84;48m[48;2;255;88;56m▀[38;2;255;84;52m[48;2;255;96;64m▀[38;2;255;84;48m[48;2;255;88;52m▀[38;2;255;92;56m[48;2;255;88;48m▀[38;2;216;68;52m[48;2;252;88;52m▀[38;2;228;72;48m[48;2;236;76;36m▀[38;2;255;92;52m[48;2;255;88;48m▀[38;2;252;80;40m[48;2;255;80;44m▀[38;2;255;88;60m[48;2;255;88;64m▀[38;2;200;60;48m[48;2;224;80;68m▀[38;2;204;76;52m[48;2;76;28;16m▀[38;2;248;76;48m[48;2;112;40;32m▀[38;2;255;84;44m[48;2;200;80;56m▀[38;2;255;80;44m[48;2;240;84;56m▀[38;2;255;80;48m[48;2;255;88;52m▀[38;2;255;72;40m[48;2;252;84;48m▀[38;2;255;80;44m[48;2;252;80;48m▀[38;2;255;80;48m[48;2;255;84;48m▀[38;2;255;76;44m[48;2;255;76;44m▀[38;2;255;84;52m[48;2;255;80;48m▀[38;2;255;76;44m[48;2;255;80;44m▀[38;2;255;80;52m[48;2;252;76;44m▀[38;2;240;72;56m[48;2;216;68;52m▀[38;2;204;56;52m[48;2;184;52;44m▀[38;2;212;64;48m[48;2;216;60;44m▀[38;2;232;68;44m[48;2;232;68;40m▀[38;2;255;76;52m[48;2;248;72;52m▀[38;2;180;56;44m[48;2;172;56;44m▀[38;2;224;68;48m[48;2;236;76;52m▀[38;2;224;64;44m[48;2;244;72;52m▀[38;2;255;80;56m[48;2;255;76;56m▀[38;2;255;80;52m[48;2;255;80;52m▀[38;2;252;72;40m[48;2;255;76;44m▀[38;2;252;84;56m[48;2;236;80;56m▀[38;2;140;84;56m[48;2;104;72;44m▀[38;2;64;88;84m[48;2;12;24;24m▀[38;2;16;16;24m[48;2;12;12;16m▀[38;2;16;16;20m[48;2;24;24;28m▀[38;2;20;16;24m[48;2;24;24;24m▀[38;2;16;12;20m[48;2;16;16;20m▀[38;2;12;12;16m[48;2;16;12;16m▀[38;2;12;12;20m[48;2;16;20;20m▀[38;2;24;24;36m[48;2;16;12;20m▀[38;2;56;76;84m[48;2;32;44;52m▀[38;2;52;108;112m[48;2;56;100;104m▀[38;2;64;124;124m[48;2;72;132;132m▀[38;2;60;104;104m[48;2;64;108;112m▀[38;2;60;112;104m[48;2;68;104;108m▀[38;2;116;52;52m[48;2;156;52;56m▀[38;2;252;72;60m[48;2;255;80;60m▀[38;2;255;72;48m[48;2;252;68;44m▀[38;2;255;68;36m[48;2;255;76;44m▀[48;2;255;72;40m▀[48;2;255;64;36m▀[38;2;255;64;40m▀[38;2;255;68;44m▀[38;2;255;80;52m[48;2;255;72;44m▀[38;2;255;72;48m[48;2;255;72;48m▀[38;2;248;68;48m[48;2;244;64;40m▀[38;2;176;80;72m[48;2;168;72;60m▀[0m
[38;2;180;52;48m[48;2;180;60;56m▀[38;2;255;80;60m[48;2;255;76;52m▀[38;2;252;80;48m[48;2;255;76;48m▀[38;2;255;76;48m▀[38;2;255;72;44m[48;2;255;72;48m▀[38;2;255;76;56m[48;2;255;76;56m▀[38;2;255;72;48m[48;2;255;68;48m▀[48;2;255;72;52m▀[38;2;255;76;52m[48;2;255;76;48m▀[38;2;255;84;56m[48;2;255;84;52m▀[38;2;255;84;52m[48;2;255;80;56m▀[38;2;255;72;44m[48;2;255;76;52m▀[38;2;255;80;52m▀[38;2;252;80;52m[48;2;255;80;56m▀[38;2;252;84;56m[48;2;255;84;60m▀[38;2;255;88;60m[48;2;255;84;52m▀[38;2;255;84;52m[48;2;252;88;64m▀[38;2;255;92;56m[48;2;180;64;44m▀[38;2;255;96;60m[48;2;148;60;36m▀[38;2;255;88;60m[48;2;252;100;76m▀[38;2;252;84;52m[48;2;255;88;56m▀[38;2;255;88;56m[48;2;252;84;48m▀[38;2;255;84;52m[48;2;255;84;52m▀[38;2;255;84;48m[48;2;255;84;48m▀[48;2;255;88;52m▀[38;2;252;80;44m[48;2;255;96;68m▀[38;2;252;88;48m[48;2;255;100;68m▀[38;2;252;84;48m[48;2;255;100;64m▀[38;2;252;80;44m[48;2;255;92;60m▀[38;2;255;96;56m[48;2;255;84;48m▀[38;2;168;84;72m[48;2;216;88;72m▀[38;2;44;36;44m[48;2;60;72;72m▀[38;2;80;48;48m[48;2;64;104;104m▀[38;2;144;64;52m[48;2;32;20;16m▀[38;2;255;92;72m[48;2;192;68;72m▀[38;2;252;84;56m[48;2;244;100;80m▀[38;2;255;92;56m[48;2;200;68;48m▀[38;2;255;92;60m[48;2;240;88;68m▀[38;2;255;84;48m[48;2;255;84;52m▀[38;2;255;80;44m[48;2;255;80;48m▀▀[38;2;252;76;44m[48;2;252;84;52m▀[38;2;188;56;40m[48;2;212;68;48m▀[38;2;180;68;56m[48;2;184;60;44m▀[38;2;240;68;48m[48;2;240;80;52m▀[38;2;240;72;36m[48;2;248;84;44m▀[38;2;236;76;60m[48;2;236;80;56m▀[38;2;200;72;56m[48;2;224;80;56m▀[38;2;232;76;56m[48;2;224;68;44m▀[38;2;252;80;60m[48;2;252;84;64m▀[38;2;255;76;56m[48;2;255;84;56m▀[38;2;252;84;56m[48;2;252;80;52m▀[38;2;255;80;48m[48;2;255;80;52m▀[38;2;216;72;52m[48;2;204;72;56m▀[38;2;56;48;20m[48;2;52;40;24m▀[38;2;44;56;60m[48;2;16;20;12m▀[38;2;44;44;52m[48;2;44;44;40m▀[38;2;16;16;20m[48;2;64;64;68m▀[38;2;20;16;20m[48;2;32;32;40m▀[38;2;12;16;16m[48;2;24;24;28m▀[38;2;16;16;20m▀[38;2;20;20;24m[48;2;16;20;24m▀[38;2;20;20;28m[48;2;8;16;20m▀[38;2;20;16;32m[48;2;8;8;16m▀[38;2;40;60;64m[48;2;28;44;48m▀[38;2;68;128;120m[48;2;76;132;128m▀[38;2;68;132;132m[48;2;68;124;124m▀[38;2;60;80;80m[48;2;88;64;48m▀[38;2;208;64;48m[48;2;244;76;52m▀[38;2;255;80;52m[48;2;255;76;48m▀[38;2;252;80;36m[48;2;255;84;44m▀[38;2;255;84;48m[48;2;255;76;40m▀[38;2;255;68;40m[48;2;255;68;36m▀[38;2;255;64;36m▀[38;2;255;64;40m[48;2;255;64;32m▀[38;2;255;68;40m[48;2;255;64;28m▀[48;2;255;64;32m▀[38;2;255;68;44m[48;2;255;68;40m▀[38;2;244;76;48m[48;2;244;76;48m▀[38;2;184;104;68m[48;2;184;112;76m▀[0m
[38;2;172;56;52m[48;2;172;56;52m▀[38;2;255;76;44m[48;2;255;76;44m▀[38;2;255;68;40m[48;2;255;72;40m▀[38;2;255;72;48m[48;2;255;72;48m▀[38;2;255;76;52m[48;2;255;68;48m▀[38;2;255;72;56m▀[38;2;255;68;48m▀[48;2;255;72;48m▀[38;2;252;80;48m[48;2;255;88;56m▀[38;2;255;88;60m[48;2;208;84;68m▀[38;2;164;60;44m[48;2;68;52;36m▀[38;2;80;44;36m[48;2;64;116;108m▀[38;2;96;44;28m[48;2;72;120;116m▀[38;2;148;60;44m[48;2;64;108;104m▀[38;2;208;76;56m[48;2;68;76;68m▀[38;2;240;88;56m[48;2;80;44;40m▀[38;2;255;96;68m[48;2;108;48;40m▀[38;2;128;52;52m[48;2;72;28;32m▀[38;2;64;88;80m[48;2;68;92;96m▀[38;2;92;72;56m[48;2;84;136;132m▀[38;2;212;132;104m[48;2;60;84;84m▀[38;2;255;112;76m[48;2;136;88;80m▀[38;2;255;96;64m[48;2;216;96;88m▀[38;2;252;96;56m[48;2;255;92;64m▀[38;2;255;100;52m[48;2;200;72;36m▀[38;2;196;76;48m[48;2;52;36;28m▀[38;2;128;52;32m[48;2;48;60;60m▀[38;2;144;52;36m[48;2;52;60;60m▀[38;2;188;68;56m[48;2;28;32;28m▀[38;2;244;92;64m[48;2;56;16;16m▀[38;2;208;84;60m[48;2;144;84;84m▀[38;2;92;108;104m[48;2;108;116;104m▀[38;2;32;56;68m[48;2;44;68;68m▀[38;2;32;20;28m[48;2;52;36;44m▀[38;2;116;60;52m[48;2;116;76;60m▀[38;2;124;100;84m[48;2;52;52;44m▀[38;2;64;48;40m[48;2;20;16;20m▀[38;2;160;48;32m[48;2;120;28;16m▀[38;2;255;96;60m[48;2;255;96;64m▀[38;2;252;76;40m[48;2;252;88;52m▀[38;2;255;84;52m[48;2;255;88;48m▀[38;2;224;60;40m[48;2;236;72;40m▀[38;2;224;72;52m[48;2;232;76;52m▀[38;2;200;68;48m[48;2;208;72;48m▀[38;2;244;96;60m[48;2;236;92;52m▀[38;2;255;104;64m[48;2;255;100;64m▀[38;2;240;80;48m[48;2;244;84;52m▀[38;2;232;72;44m[48;2;240;80;48m▀[38;2;240;80;48m▀[38;2;255;88;60m[48;2;248;84;56m▀[38;2;255;84;56m[48;2;255;88;64m▀[38;2;252;84;52m[48;2;252;88;56m▀[38;2;255;76;48m[48;2;255;84;52m▀[38;2;188;80;56m[48;2;180;80;52m▀[38;2;64;60;44m[48;2;64;64;52m▀[38;2;136;132;116m[48;2;64;52;48m▀[38;2;152;136;124m[48;2;112;92;88m▀[38;2;44;36;40m[48;2;52;40;40m▀[38;2;12;16;24m[48;2;40;44;48m▀[38;2;32;32;36m[48;2;28;32;36m▀[38;2;68;72;72m[48;2;52;44;36m▀[38;2;40;52;52m[48;2;104;92;84m▀[38;2;60;72;76m[48;2;48;36;32m▀[38;2;48;60;68m[48;2;40;28;36m▀[38;2;20;32;36m[48;2;24;36;40m▀[38;2;80;128;132m[48;2;76;132;136m▀[38;2;60;104;108m[48;2;64;80;84m▀[38;2;136;60;44m[48;2;184;48;36m▀[38;2;255;76;48m[48;2;255;80;52m▀[38;2;252;72;44m[48;2;252;68;40m▀[38;2;255;80;48m[48;2;255;80;48m▀[38;2;255;72;40m[48;2;255;76;44m▀[38;2;255;80;40m[48;2;255;72;36m▀[38;2;255;76;40m▀[38;2;255;68;32m[48;2;255;72;44m▀[48;2;255;68;36m▀[38;2;255;72;36m[48;2;255;68;40m▀[38;2;255;68;36m▀[38;2;240;68;40m[48;2;236;68;40m▀[38;2;172;104;72m[48;2;172;108;72m▀[0m
[38;2;176;64;56m[48;2;176;64;48m▀[38;2;255;76;48m[48;2;255;72;52m▀[38;2;255;72;44m[48;2;255;72;44m▀[38;2;255;72;48m[48;2;255;68;44m▀[38;2;255;68;44m[48;2;255;64;44m▀[38;2;255;64;44m▀[38;2;255;68;48m[48;2;255;68;48m▀[38;2;255;72;48m[48;2;255;68;44m▀[38;2;244;76;44m[48;2;252;88;60m▀[38;2;140;60;44m[48;2;132;48;44m▀[38;2;60;96;88m[48;2;56;80;84m▀[38;2;52;88;88m[48;2;88;128;136m▀[38;2;44;64;68m[48;2;88;124;128m▀[38;2;68;96;100m[48;2;52;92;92m▀[38;2;76;116;116m[48;2;48;72;76m▀[38;2;56;88;88m[48;2;16;32;40m▀[38;2;68;120;124m[48;2;64;108;112m▀[38;2;52;80;88m[48;2;92;144;152m▀[38;2;32;56;64m[48;2;64;124;128m▀[38;2;44;76;80m[48;2;68;120;124m▀[38;2;60;92;100m[48;2;48;92;96m▀[38;2;68;96;104m[48;2;44;64;72m▀[38;2;68;48;48m[48;2;64;100;96m▀[38;2;148;60;52m[48;2;52;72;68m▀[38;2;104;28;32m[48;2;44;32;36m▀[38;2;52;84;84m[48;2;52;68;68m▀[38;2;84;128;120m[48;2;64;96;100m▀[38;2;68;84;84m[48;2;64;68;76m▀[38;2;24;36;36m[48;2;8;4;16m▀[38;2;16;20;20m[48;2;16;12;20m▀[38;2;16;4;12m[48;2;16;16;20m▀[38;2;48;60;60m[48;2;20;20;20m▀[38;2;48;64;68m[48;2;32;40;44m▀[38;2;76;48;56m[48;2;72;64;64m▀[38;2;136;96;72m[48;2;92;76;64m▀[38;2;40;40;28m[48;2;52;60;44m▀[38;2;60;20;24m[48;2;144;68;80m▀[38;2;200;60;56m[48;2;236;92;84m▀[38;2;252;88;60m[48;2;255;92;56m▀[38;2;252;88;48m[48;2;255;84;48m▀[38;2;255;88;48m[48;2;255;88;52m▀[38;2;248;88;56m[48;2;255;88;56m▀[38;2;248;80;60m[48;2;248;84;60m▀[38;2;220;72;48m[48;2;244;80;52m▀[38;2;236;84;44m[48;2;252;92;56m▀[38;2;255;96;56m[48;2;255;96;52m▀[38;2;240;76;40m[48;2;244;76;36m▀[38;2;252;88;56m[48;2;252;88;52m▀[38;2;232;76;48m[48;2;232;72;52m▀[38;2;244;80;52m[48;2;252;96;68m▀[38;2;255;84;56m[48;2;255;88;52m▀[38;2;252;88;52m[48;2;255;84;52m▀[38;2;255;92;60m[48;2;252;92;64m▀[38;2;200;100;76m[48;2;180;92;72m▀[38;2;56;40;32m[48;2;216;168;140m▀[38;2;12;0;0m[48;2;128;84;64m▀[38;2;16;16;4m[48;2;68;40;28m▀[38;2;40;60;52m[48;2;76;92;80m▀[38;2;88;120;120m[48;2;68;96;104m▀[38;2;80;96;100m[48;2;80;100;108m▀[38;2;80;72;60m[48;2;20;16;12m▀[38;2;176;160;144m[48;2;20;0;0m▀[38;2;172;160;148m[48;2;32;16;20m▀[38;2;28;28;24m[48;2;24;36;36m▀[38;2;52;80;80m[48;2;76;124;128m▀[38;2;84;140;144m[48;2;60;120;116m▀[38;2;68;52;56m[48;2;108;52;48m▀[38;2;224;68;52m[48;2;255;80;56m▀[38;2;255;80;52m[48;2;255;72;40m▀[38;2;255;72;44m[48;2;255;76;44m▀[48;2;255;80;44m▀[38;2;255;76;44m[48;2;255;76;44m▀[38;2;255;72;36m[48;2;255;72;36m▀[38;2;255;72;40m[48;2;255;64;36m▀[38;2;255;68;44m[48;2;255;64;40m▀[38;2;255;68;40m[48;2;255;64;44m▀▀[38;2;255;68;36m[48;2;255;64;40m▀[38;2;240;68;40m[48;2;248;72;48m▀[38;2;180;104;76m[48;2;188;96;72m▀[0m
[38;2;168;56;44m[48;2;168;56;44m▀[38;2;255;72;52m[48;2;255;76;52m▀[38;2;255;72;48m[48;2;255;72;44m▀[48;2;255;76;52m▀[38;2;255;64;44m[48;2;255;68;44m▀[48;2;255;64;44m▀[38;2;255;68;44m▀[38;2;252;68;44m▀[38;2;255;80;56m[48;2;255;68;44m▀[38;2;180;56;52m[48;2;228;80;64m▀[38;2;28;16;20m[48;2;104;52;44m▀[38;2;36;52;56m[48;2;36;44;44m▀[38;2;76;96;100m[48;2;64;80;84m▀[38;2;76;116;120m[48;2;32;48;56m▀[38;2;84;120;124m[48;2;12;36;40m▀[38;2;88;124;128m[48;2;80;124;124m▀[38;2;36;68;76m[48;2;80;136;140m▀[38;2;48;88;96m[48;2;44;96;100m▀[38;2;68;116;124m[48;2;56;104;108m▀[38;2;60;112;116m[48;2;28;68;72m▀[38;2;88;144;148m[48;2;72;120;128m▀[38;2;76;128;132m[48;2;76;140;148m▀[38;2;56;112;120m[48;2;76;132;144m▀[38;2;72;124;132m[48;2;88;144;152m▀[38;2;36;44;48m[48;2;52;72;80m▀[38;2;20;24;32m[48;2;32;52;56m▀[38;2;72;92;100m[48;2;92;116;124m▀[38;2;40;52;60m[48;2;36;52;60m▀[38;2;12;8;16m[48;2;16;12;24m▀[38;2;24;24;24m[48;2;24;24;24m▀[38;2;12;12;16m[48;2;20;20;20m▀[38;2;40;40;44m[48;2;16;16;20m▀[38;2;84;108;112m[48;2;20;16;28m▀[38;2;44;56;60m[48;2;20;20;24m▀[38;2;0;4;4m[48;2;36;40;40m▀[38;2;16;16;16m[48;2;32;32;36m▀[38;2;36;16;16m[48;2;12;16;16m▀[38;2;52;20;12m[48;2;24;24;24m▀[38;2;136;44;32m[48;2;12;8;20m▀[38;2;248;88;64m[48;2;100;32;28m▀[38;2;255;92;60m[48;2;248;92;64m▀[38;2;252;92;52m[48;2;248;84;44m▀[38;2;244;80;56m[48;2;248;84;56m▀[38;2;252;92;60m[48;2;252;88;56m▀[38;2;252;84;52m[48;2;252;88;52m▀[38;2;255;96;52m[48;2;255;88;52m▀[38;2;252;92;48m[48;2;255;88;44m▀[38;2;252;96;52m[48;2;252;88;48m▀[38;2;240;76;48m[48;2;252;84;56m▀[38;2;255;96;68m[48;2;255;92;64m▀[38;2;255;92;60m[48;2;255;88;60m▀[38;2;255;88;56m[48;2;255;92;60m▀[38;2;244;88;56m[48;2;224;76;44m▀[38;2;160;76;56m[48;2;184;112;88m▀[38;2;255;192;160m[48;2;255;188;156m▀[38;2;255;192;156m[48;2;200;128;100m▀[38;2;232;176;136m[48;2;255;196;160m▀[38;2;168;128;96m[48;2;255;192;156m▀[38;2;128;112;96m[48;2;252;176;132m▀[38;2;116;96;88m[48;2;248;176;136m▀[38;2;92;68;56m[48;2;224;156;120m▀[38;2;68;40;28m[48;2;248;188;160m▀[38;2;44;20;16m[48;2;220;168;148m▀[38;2;12;24;28m[48;2;76;76;76m▀[38;2;68;124;124m[48;2;84;128;128m▀[38;2;52;84;88m[48;2;76;60;68m▀[38;2;160;52;48m[48;2;216;56;40m▀[38;2;255;72;48m[48;2;255;64;32m▀[38;2;252;68;36m[48;2;252;64;36m▀[38;2;255;76;44m[48;2;255;72;40m▀[38;2;255;72;40m▀▀[38;2;255;68;40m[48;2;255;64;36m▀[38;2;255;60;32m[48;2;255;60;36m▀[38;2;255;64;40m[48;2;255;68;44m▀[38;2;255;64;44m[48;2;255;60;40m▀[48;2;255;64;44m▀[38;2;255;68;40m[48;2;255;68;40m▀[38;2;244;64;40m[48;2;240;60;36m▀[38;2;192;104;76m[48;2;184;96;68m▀[0m
[38;2;180;56;48m[48;2;180;56;48m▀[38;2;255;80;52m[48;2;255;76;52m▀[38;2;255;76;48m[48;2;255;80;52m▀[38;2;255;72;52m[48;2;255;72;48m▀[38;2;255;68;48m▀[38;2;255;64;48m▀[38;2;255;68;48m[48;2;255;68;44m▀[38;2;255;68;44m[48;2;255;64;44m▀[38;2;252;64;44m[48;2;252;68;44m▀[38;2;255;92;68m[48;2;255;84;52m▀[38;2;144;60;48m[48;2;196;76;44m▀[38;2;12;12;8m[48;2;56;0;0m▀[38;2;72;108;108m[48;2;24;16;28m▀[38;2;96;144;140m[48;2;40;64;64m▀[38;2;60;100;100m[48;2;72;116;112m▀[38;2;28;68;68m[48;2;84;148;144m▀[38;2;56;96;100m[48;2;44;92;92m▀[38;2;76;124;128m[48;2;56;100;104m▀[38;2;68;120;124m[48;2;44;80;88m▀[38;2;76;132;136m[48;2;72;124;132m▀[38;2;56;108;112m[48;2;72;124;128m▀[38;2;76;124;128m[48;2;64;108;116m▀[38;2;88;132;140m[48;2;48;76;84m▀[38;2;64;104;112m[48;2;8;24;36m▀[38;2;24;48;52m[48;2;60;80;88m▀[38;2;72;108;112m[48;2;64;96;100m▀[38;2;80;128;136m[48;2;68;112;116m▀[38;2;36;60;68m[48;2;44;60;72m▀[38;2;24;20;32m[48;2;24;24;36m▀[38;2;20;20;24m[48;2;16;16;16m▀[38;2;16;16;20m▀[38;2;12;12;16m▀[38;2;24;16;24m[48;2;20;12;24m▀[38;2;20;16;24m[48;2;24;24;32m▀[38;2;32;36;44m[48;2;20;36;36m▀[38;2;64;76;72m[48;2;56;76;72m▀[38;2;8;24;16m[48;2;64;76;72m▀[38;2;24;28;28m[48;2;16;20;20m▀[38;2;20;24;20m[48;2;24;24;24m▀[38;2;16;0;4m[48;2;28;16;20m▀[38;2;144;52;40m[48;2;52;12;16m▀[38;2;255;96;60m[48;2;216;84;68m▀[38;2;252;88;56m[48;2;255;92;60m▀[38;2;255;92;56m[48;2;255;88;52m▀[38;2;255;96;64m[48;2;255;96;60m▀[38;2;255;88;56m[48;2;255;96;68m▀[38;2;252;80;52m[48;2;255;88;56m▀[38;2;255;84;56m[48;2;255;88;60m▀[38;2;255;96;72m[48;2;255;84;60m▀[38;2;255;96;68m[48;2;255;88;64m▀[38;2;255;84;60m[48;2;252;80;52m▀[48;2;255;84;60m▀[38;2;220;80;48m[48;2;204;68;40m▀[38;2;192;120;96m[48;2;192;124;100m▀[38;2;255;184;144m[48;2;255;196;156m▀[38;2;220;152;128m[48;2;232;176;144m▀[38;2;160;100;88m[48;2;160;104;84m▀[38;2;204;140;120m[48;2;160;112;88m▀[38;2;232;160;128m[48;2;132;92;72m▀[38;2;255;184;164m[48;2;148;92;76m▀[38;2;196;124;104m[48;2;200;140;120m▀[38;2;248;176;148m[48;2;236;172;140m▀[38;2;200;136;124m[48;2;188;140;124m▀[38;2;64;88;96m[48;2;80;120;124m▀[38;2;64;120;116m[48;2;36;88;84m▀[38;2;124;32;40m[48;2;148;32;40m▀[38;2;255;76;60m[48;2;252;76;64m▀[38;2;252;68;44m[48;2;248;68;44m▀[38;2;255;72;52m[48;2;252;72;52m▀[38;2;255;72;48m[48;2;255;80;56m▀[38;2;255;68;40m[48;2;255;68;44m▀[38;2;255;68;44m▀[38;2;255;64;48m[48;2;255;64;44m▀[38;2;255;64;44m[48;2;255;64;40m▀[38;2;255;76;52m[48;2;255;72;48m▀[38;2;255;68;44m[48;2;255;68;44m▀[38;2;255;64;40m▀[48;2;255;64;40m▀[38;2;240;60;44m[48;2;240;60;44m▀[38;2;184;100;68m[48;2;184;104;68m▀[0m
[38;2;176;56;44m[48;2;168;52;44m▀[38;2;255;76;52m[48;2;255;72;48m▀[38;2;252;76;52m[48;2;255;72;60m▀[38;2;255;72;48m[48;2;255;76;56m▀[38;2;255;76;52m[48;2;255;76;60m▀[38;2;255;72;48m[48;2;255;80;60m▀[38;2;255;64;40m[48;2;255;64;44m▀[38;2;255;64;44m[48;2;255;68;48m▀▀[38;2;255;72;44m[48;2;255;72;48m▀[38;2;255;92;60m[48;2;252;76;48m▀[38;2;184;64;48m[48;2;255;104;76m▀[38;2;48;4;12m[48;2;188;68;48m▀[38;2;8;0;8m[48;2;64;12;16m▀[38;2;28;36;40m[48;2;4;0;4m▀[38;2;80;116;120m[48;2;16;12;32m▀[38;2;80;140;144m[48;2;72;112;116m▀[38;2;80;136;140m[48;2;48;80;88m▀[38;2;76;128;132m[48;2;60;88;108m▀[38;2;36;84;88m[48;2;76;124;132m▀[38;2;68;116;120m[48;2;60;104;108m▀[38;2;84;132;136m[48;2;60;96;104m▀[38;2;24;48;56m[48;2;32;52;60m▀[38;2;68;88;92m[48;2;64;80;88m▀[38;2;56;72;84m[48;2;36;56;68m▀[38;2;4;16;28m[48;2;12;20;28m▀[38;2;28;44;52m[48;2;24;20;24m▀[38;2;16;20;32m[48;2;24;24;28m▀[38;2;20;20;32m[48;2;16;16;20m▀[38;2;16;16;16m[48;2;20;20;20m▀[38;2;16;16;20m[48;2;12;12;12m▀[48;2;12;12;16m▀[38;2;20;12;20m[48;2;12;16;24m▀[38;2;40;40;48m[48;2;48;76;76m▀[38;2;48;72;72m[48;2;96;140;136m▀[38;2;20;40;40m[48;2;60;76;76m▀[38;2;36;44;48m[48;2;32;40;44m▀[38;2;44;48;52m[48;2;48;52;56m▀[38;2;28;24;32m[48;2;48;64;64m▀[38;2;40;36;44m[48;2;72;96;96m▀[38;2;12;12;16m[48;2;20;28;32m▀[38;2;108;28;20m[48;2;28;8;8m▀[38;2;248;92;56m[48;2;208;72;52m▀[38;2;252;84;44m[48;2;255;88;60m▀[38;2;255;92;52m[48;2;252;96;56m▀[38;2;248;84;56m[48;2;212;124;84m▀[38;2;228;60;32m[48;2;172;80;52m▀[38;2;252;80;56m[48;2;216;100;72m▀[38;2;255;92;64m[48;2;244;88;56m▀[38;2;255;84;56m[48;2;255;88;64m▀[38;2;252;80;48m▀[38;2;255;88;56m[48;2;255;96;68m▀[38;2;192;56;40m[48;2;164;48;28m▀[38;2;188;128;104m[48;2;144;88;72m▀[38;2;252;196;156m[48;2;255;196;164m▀[38;2;228;160;124m[48;2;248;176;140m▀[38;2;168;128;108m[48;2;224;160;132m▀[38;2;188;152;132m[48;2;200;132;108m▀[38;2;184;144;128m[48;2;208;140;116m▀[38;2;216;160;128m[48;2;255;184;144m▀[38;2;240;176;140m[48;2;255;188;144m▀[38;2;255;204;164m[48;2;220;164;136m▀[38;2;136;116;96m[48;2;76;80;84m▀[38;2;60;108;112m[48;2;60;92;100m▀[38;2;44;64;68m[48;2;52;48;44m▀[38;2;212;56;68m[48;2;164;48;60m▀[38;2;255;80;64m[48;2;192;56;56m▀[38;2;255;76;52m[48;2;172;56;48m▀[38;2;255;76;60m[48;2;176;52;52m▀[38;2;255;72;52m[48;2;244;68;68m▀[38;2;255;64;48m[48;2;255;72;44m▀[38;2;255;64;44m[48;2;255;68;40m▀[38;2;255;68;44m[48;2;255;68;44m▀[38;2;255;64;40m[48;2;255;60;36m▀[48;2;255;64;36m▀[48;2;255;64;40m▀▀[48;2;255;60;36m▀[38;2;240;60;44m[48;2;240;52;40m▀[38;2;184;104;68m[48;2;168;96;64m▀[0m
[38;2;164;52;44m[48;2;152;44;40m▀[38;2;255;76;60m[48;2;255;76;68m▀[38;2;240;72;60m[48;2;128;48;36m▀[38;2;220;68;52m[48;2;80;48;36m▀[38;2;255;72;60m[48;2;232;76;60m▀[38;2;255;68;52m[48;2;248;80;64m▀[38;2;255;72;56m[48;2;248;68;56m▀[38;2;255;64;48m[48;2;255;68;56m▀[38;2;255;64;40m[48;2;255;64;44m▀[38;2;255;68;44m[48;2;255;72;48m▀[38;2;255;72;44m[48;2;255;72;52m▀[38;2;252;68;52m[48;2;255;72;48m▀[38;2;255;84;60m[48;2;252;76;52m▀[38;2;228;80;60m[48;2;255;84;52m▀[38;2;104;36;24m[48;2;255;92;68m▀[38;2;24;0;4m[48;2;160;64;44m▀[38;2;44;56;72m[48;2;44;8;8m▀[38;2;92;116;128m[48;2;20;16;24m▀[38;2;68;108;120m[48;2;72;96;108m▀[38;2;44;80;88m[48;2;80;100;108m▀[38;2;72;112;120m[48;2;56;76;80m▀[38;2;68;100;108m[48;2;76;104;108m▀[38;2;16;36;44m[48;2;16;28;32m▀[38;2;36;48;56m[48;2;8;4;12m▀[38;2;100;120;132m[48;2;48;64;72m▀[38;2;40;56;60m[48;2;56;84;84m▀[38;2;8;12;12m[48;2;12;20;16m▀[38;2;16;20;20m[48;2;12;20;20m▀[38;2;16;16;20m[48;2;16;32;28m▀[38;2;12;12;16m[48;2;12;28;36m▀[38;2;20;24;28m[48;2;20;44;44m▀[38;2;32;36;40m[48;2;84;124;120m▀[38;2;36;56;60m[48;2;64;112;112m▀[38;2;68;108;108m[48;2;68;112;112m▀[38;2;76;112;116m[48;2;24;40;48m▀[38;2;36;48;52m[48;2;24;20;32m▀[38;2;16;20;28m[48;2;28;28;36m▀[48;2;12;20;24m▀[38;2;44;60;64m[48;2;32;44;48m▀[38;2;88;116;116m[48;2;56;72;72m▀[38;2;36;32;44m[48;2;20;16;24m▀[38;2;12;12;20m[48;2;20;28;28m▀[38;2;148;60;56m[48;2;76;40;36m▀[38;2;220;84;68m[48;2;184;128;108m▀[38;2;228;140;108m[48;2;196;152;116m▀[38;2;188;164;124m[48;2;240;212;156m▀[38;2;184;156;124m[48;2;255;236;184m▀[38;2;176;144;108m[48;2;184;164;128m▀[38;2;216;108;80m[48;2;144;132;112m▀[38;2;200;80;68m[48;2;64;56;64m▀[38;2;120;52;40m[48;2;52;108;104m▀[38;2;116;68;56m[48;2;68;128;132m▀[38;2;64;48;44m[48;2;60;72;72m▀[38;2;60;52;48m[48;2;76;88;96m▀[38;2;216;160;136m[48;2;56;36;32m▀[38;2;255;200;164m[48;2;148;124;104m▀[38;2;255;192;144m[48;2;196;148;120m▀[38;2;255;188;140m[48;2;248;192;152m▀[48;2;255;196;152m▀[38;2;252;176;136m[48;2;252;188;160m▀[38;2;255;200;160m[48;2;160;124;96m▀[38;2;128;112;100m[48;2;44;52;48m▀[38;2;44;64;72m[48;2;48;48;48m▀[38;2;72;96;108m[48;2;60;64;68m▀[38;2;28;36;40m[48;2;36;48;56m▀[38;2;40;44;48m[48;2;52;72;80m▀[38;2;40;44;44m[48;2;64;88;100m▀[38;2;36;56;56m[48;2;68;100;108m▀[38;2;60;88;88m[48;2;76;128;140m▀[38;2;108;40;36m[48;2;60;52;60m▀[38;2;248;68;48m[48;2;232;68;44m▀[38;2;255;64;36m[48;2;255;72;36m▀[38;2;255;64;40m[48;2;255;68;36m▀▀[38;2;255;64;36m[48;2;255;64;32m▀[38;2;255;60;32m[48;2;255;68;32m▀[38;2;255;68;44m[48;2;255;64;32m▀[38;2;255;68;40m[48;2;255;64;36m▀[38;2;240;60;48m[48;2;240;48;36m▀[38;2;172;100;72m[48;2;184;104;72m▀[0m
[38;2;164;48;44m[48;2;172;44;52m▀[38;2;220;72;60m[48;2;160;52;40m▀[38;2;80;64;40m[48;2;80;112;72m▀[38;2;96;76;56m[48;2;64;72;40m▀[38;2;164;72;64m[48;2;80;48;36m▀[38;2;120;56;48m[48;2;76;72;56m▀[38;2;152;36;32m[48;2;100;28;24m▀[38;2;252;68;56m[48;2;255;68;56m▀[38;2;255;64;44m[48;2;255;68;48m▀[38;2;255;68;48m[48;2;255;72;52m▀[38;2;255;72;52m▀[38;2;255;68;44m[48;2;255;72;44m▀[38;2;255;76;48m[48;2;252;68;40m▀[38;2;252;84;56m[48;2;252;76;48m▀[38;2;255;84;52m[48;2;255;92;60m▀[38;2;255;100;64m[48;2;255;88;56m▀[38;2;212;76;64m[48;2;255;88;52m▀[38;2;116;24;20m[48;2;255;96;60m▀[38;2;32;0;12m[48;2;200;72;48m▀[38;2;12;8;16m[48;2;108;24;24m▀[38;2;24;40;44m[48;2;32;0;0m▀[38;2;84;116;120m[48;2;36;40;36m▀[38;2;24;40;44m[48;2;40;44;44m▀[38;2;8;8;12m[48;2;12;16;20m▀[38;2;28;56;56m[48;2;12;24;24m▀[38;2;72;104;104m[48;2;36;56;56m▀[38;2;88;116;116m[48;2;60;96;96m▀[38;2;80;108;108m[48;2;92;128;128m▀[38;2;44;72;72m[48;2;48;80;84m▀[38;2;68;100;100m[48;2;76;108;108m▀[38;2;76;124;120m[48;2;80;112;116m▀[38;2;80;136;132m[48;2;76;112;116m▀[38;2;76;124;124m[48;2;36;60;68m▀[38;2;68;104;104m[48;2;20;36;40m▀[38;2;44;56;64m[48;2;24;32;32m▀[38;2;24;28;32m[48;2;20;24;28m▀[38;2;32;36;40m[48;2;16;24;24m▀[38;2;40;48;52m[48;2;40;48;56m▀[38;2;88;112;112m[48;2;64;88;88m▀[38;2;56;84;80m[48;2;92;124;120m▀[38;2;16;16;24m[48;2;28;32;40m▀[38;2;20;20;24m[48;2;16;16;20m▀[38;2;64;40;32m[48;2;60;44;36m▀[38;2;240;196;164m[48;2;224;184;148m▀[38;2;200;160;132m[48;2;156;108;100m▀[38;2;216;192;152m[48;2;204;176;152m▀[38;2;255;236;172m[48;2;255;244;172m▀[38;2;248;216;176m[48;2;232;196;152m▀[38;2;108;120;108m[48;2;128;108;92m▀[38;2;68;116;116m[48;2;60;92;92m▀[38;2;76;136;140m[48;2;64;88;100m▀[38;2;44;76;80m[48;2;12;24;28m▀[38;2;20;28;36m[48;2;28;44;52m▀[38;2;88;112;124m[48;2;80;116;128m▀[38;2;68;88;96m[48;2;76;120;128m▀[38;2;12;16;28m[48;2;72;100;108m▀[38;2;12;8;8m[48;2;28;24;28m▀[38;2;64;48;44m[48;2;20;12;12m▀[38;2;88;56;52m[48;2;48;32;28m▀[38;2;68;36;36m[48;2;156;132;108m▀[38;2;100;60;56m[48;2;236;180;160m▀[38;2;148;116;100m▀[38;2;160;116;100m[48;2;232;172;144m▀[38;2;188;140;124m[48;2;232;168;140m▀[38;2;124;100;84m[48;2;216;164;136m▀[38;2;80;68;60m[48;2;212;168;144m▀[38;2;48;44;48m[48;2;184;148;128m▀[38;2;40;44;52m[48;2;96;76;64m▀[38;2;48;72;76m[48;2;56;68;52m▀[38;2;36;36;40m[48;2;60;92;84m▀[38;2;156;56;36m[48;2;32;24;20m▀[38;2;255;80;48m[48;2;152;44;36m▀[38;2;252;64;40m[48;2;255;80;56m▀[38;2;255;68;36m[48;2;255;68;40m▀[38;2;255;64;32m[48;2;255;68;32m▀[38;2;255;68;36m[48;2;255;64;28m▀[38;2;255;64;32m[48;2;255;64;32m▀[38;2;255;64;36m▀[38;2;236;56;40m[48;2;232;56;36m▀[38;2;184;104;76m[48;2;184;104;72m▀[0m
[38;2;152;44;52m[48;2;120;40;44m▀[38;2;100;52;40m[48;2;88;76;44m▀[38;2;84;132;76m[48;2;92;136;64m▀[38;2;32;44;16m[48;2;44;72;36m▀[38;2;76;100;68m[48;2;72;112;72m▀[38;2;80;76;56m[48;2;56;56;36m▀[38;2;120;44;40m[48;2;76;52;40m▀[38;2;224;68;60m[48;2;108;24;16m▀[38;2;255;76;52m[48;2;252;80;60m▀[38;2;255;80;52m[48;2;255;80;52m▀[48;2;255;72;48m▀[38;2;255;72;44m▀[38;2;255;68;40m[48;2;255;72;44m▀[38;2;255;80;56m[48;2;255;72;48m▀[38;2;255;88;64m[48;2;255;84;60m▀[38;2;255;88;60m[48;2;255;88;60m▀[38;2;252;80;40m[48;2;255;84;52m▀[38;2;255;84;48m▀[38;2;255;88;60m[48;2;252;84;56m▀[38;2;255;96;64m[48;2;255;88;52m▀[38;2;208;76;48m[48;2;255;92;52m▀[38;2;116;36;28m[48;2;255;100;64m▀[38;2;60;20;28m[48;2;164;56;48m▀[38;2;24;16;20m[48;2;12;0;4m▀[38;2;16;20;24m[48;2;44;48;52m▀[38;2;12;16;20m[48;2;20;28;32m▀[38;2;44;48;60m[48;2;16;20;28m▀[38;2;60;72;80m[48;2;32;32;40m▀[38;2;16;24;32m[48;2;12;16;20m▀[38;2;40;48;56m[48;2;12;16;24m▀[38;2;56;64;72m[48;2;24;28;36m▀[38;2;36;40;44m[48;2;24;24;32m▀[38;2;24;24;24m[48;2;16;16;20m▀[38;2;16;16;20m[48;2;20;20;20m▀[38;2;16;20;24m[48;2;24;24;28m▀[38;2;20;24;24m[48;2;20;24;28m▀[38;2;20;28;28m[48;2;4;12;12m▀[38;2;36;48;52m[48;2;40;56;60m▀[38;2;60;80;84m[48;2;88;108;108m▀[38;2;56;76;76m[48;2;24;40;40m▀[38;2;36;36;44m[48;2;16;12;20m▀[38;2;20;20;24m[48;2;24;28;28m▀[38;2;20;4;12m[48;2;12;4;4m▀[38;2;196;148;136m[48;2;140;96;92m▀[38;2;168;124;116m[48;2;180;136;132m▀[38;2;180;148;128m[48;2;156;120;104m▀[38;2;255;240;180m[48;2;236;208;152m▀[38;2;255;244;188m[48;2;228;204;148m▀[38;2;144;132;108m[48;2;180;176;148m▀[38;2;76;112;116m[48;2;92;120;120m▀[38;2;84;120;128m[48;2;68;96;100m▀[38;2;12;24;28m[48;2;44;36;40m▀[38;2;32;36;40m[48;2;84;60;56m▀[38;2;56;68;80m[48;2;128;88;80m▀[38;2;32;44;48m[48;2;160;112;100m▀[38;2;48;56;56m[48;2;180;124;112m▀[38;2;36;32;24m[48;2;184;140;120m▀[38;2;60;40;28m[48;2;192;144;120m▀[38;2;172;136;108m[48;2;196;140;116m▀[38;2;220;168;144m[48;2;200;148;120m▀[38;2;208;152;128m[48;2;204;152;128m▀[38;2;204;152;132m[48;2;204;152;132m▀[38;2;212;152;128m[48;2;212;152;124m▀[38;2;216;156;128m[48;2;216;156;128m▀[38;2;208;144;124m[48;2;208;148;124m▀[38;2;208;148;124m[48;2;212;152;128m▀[38;2;212;164;128m[48;2;212;156;128m▀[38;2;232;168;144m[48;2;212;148;120m▀[38;2;148;96;80m[48;2;236;172;144m▀[38;2;36;48;44m[48;2;124;100;72m▀[38;2;92;120;116m[48;2;40;64;48m▀[38;2;40;52;48m[48;2;84;140;124m▀[38;2;124;36;24m[48;2;32;56;56m▀[38;2;255;80;64m[48;2;112;28;24m▀[38;2;255;68;40m[48;2;244;76;52m▀[38;2;252;56;28m[48;2;255;56;28m▀[38;2;255;60;32m[48;2;252;64;24m▀[38;2;255;64;36m[48;2;255;68;36m▀[38;2;236;60;40m[48;2;236;60;48m▀[38;2;188;108;76m[48;2;184;112;80m▀[0m
[38;2;116;44;44m[48;2;96;36;28m▀[38;2;96;100;56m[48;2;92;104;52m▀[38;2;80;116;52m[48;2;72;120;52m▀[38;2;64;92;56m[48;2;56;84;52m▀[38;2;76;112;72m[48;2;48;80;48m▀[38;2;68;84;52m[48;2;100;120;84m▀[38;2;88;52;40m[48;2;84;56;40m▀[38;2;160;48;48m[48;2;168;68;68m▀[38;2;255;84;72m[48;2;252;80;72m▀[38;2;252;76;44m[48;2;255;84;68m▀[38;2;255;76;48m[48;2;255;76;52m▀[38;2;255;76;52m[48;2;255;76;48m▀[48;2;255;76;44m▀[38;2;255;76;40m[48;2;255;80;48m▀[48;2;255;84;52m▀[38;2;255;84;52m[48;2;255;80;48m▀[38;2;255;92;56m[48;2;255;88;56m▀[38;2;255;88;52m[48;2;255;88;52m▀▀[38;2;255;84;48m▀[38;2;252;84;48m[48;2;255;84;48m▀[38;2;252;80;44m[48;2;252;84;48m▀[38;2;232;76;52m[48;2;255;96;68m▀[38;2;44;4;4m[48;2;132;40;32m▀[38;2;44;40;56m[48;2;12;4;4m▀[38;2;64;72;76m[48;2;60;64;64m▀[38;2;16;24;28m[48;2;52;60;56m▀[38;2;24;20;20m[48;2;32;40;40m▀[38;2;32;24;28m[48;2;12;20;24m▀[38;2;20;24;32m[48;2;20;20;28m▀[38;2;16;16;24m[48;2;16;16;20m▀[38;2;24;24;32m[48;2;28;28;36m▀[38;2;20;20;28m[48;2;12;20;20m▀[38;2;20;20;24m[48;2;12;24;28m▀[38;2;24;24;20m[48;2;32;48;52m▀[38;2;16;16;24m[48;2;60;80;80m▀[38;2;16;24;28m[48;2;76;108;108m▀[38;2;80;112;112m[48;2;88;132;132m▀[38;2;52;76;72m[48;2;40;52;56m▀[38;2;16;24;24m[48;2;24;28;28m▀[38;2;16;16;20m[48;2;24;24;28m▀[38;2;16;24;20m[48;2;20;20;16m▀[38;2;12;8;8m[48;2;32;24;20m▀[38;2;92;64;64m[48;2;44;28;20m▀[38;2;164;128;124m[48;2;148;116;108m▀[38;2;148;112;100m[48;2;160;128;112m▀[38;2;248;224;180m[48;2;248;224;176m▀[38;2;236;208;148m[48;2;255;236;180m▀[38;2;220;204;148m[48;2;255;236;168m▀[38;2;180;164;140m[48;2;255;244;188m▀[38;2;96;84;64m[48;2;255;224;176m▀[38;2;156;116;92m[48;2;216;184;144m▀[38;2;216;168;144m[48;2;188;152;116m▀[38;2;228;172;144m[48;2;196;160;120m▀[38;2;228;176;144m[48;2;192;148;108m▀[38;2;220;172;136m[48;2;188;140;104m▀[38;2;228;160;136m[48;2;200;148;120m▀[38;2;232;172;148m[48;2;208;152;128m▀[38;2;216;164;136m[48;2;212;156;132m▀[38;2;204;156;128m[48;2;220;168;140m▀[38;2;200;152;124m[48;2;212;164;136m▀[38;2;200;148;120m[48;2;200;144;120m▀[38;2;204;144;120m[48;2;200;136;112m▀[38;2;216;152;124m[48;2;220;152;128m▀[38;2;212;152;128m[48;2;212;152;128m▀[48;2;220;160;132m▀[38;2;220;160;136m[48;2;212;156;120m▀[38;2;216;152;124m[48;2;216;156;120m▀[38;2;212;148;116m[48;2;220;156;120m▀[38;2;224;172;136m[48;2;240;172;132m▀[38;2;68;48;40m[48;2;176;132;108m▀[38;2;48;88;84m[48;2;32;44;36m▀[38;2;84;132;128m[48;2;80;124;116m▀[38;2;52;56;64m[48;2;96;128;128m▀[38;2;92;24;16m[48;2;52;60;68m▀[38;2;248;76;52m[48;2;112;32;24m▀[38;2;255;60;28m[48;2;255;68;52m▀[38;2;255;64;36m[48;2;255;64;40m▀[38;2;236;52;44m[48;2;232;52;40m▀[38;2;184;112;88m[48;2;184;120;92m▀[0m
[38;2;104;40;32m[48;2;132;44;32m▀[38;2;92;104;56m[48;2;100;108;56m▀[38;2;96;144;72m[48;2;100;148;72m▀[38;2;44;68;36m[48;2;60;80;44m▀[38;2;40;72;40m[48;2;44;64;40m▀[38;2;60;76;44m[48;2;60;68;44m▀[38;2;76;92;56m[48;2;104;64;40m▀[38;2;92;64;44m[48;2;128;52;52m▀[38;2;188;64;52m[48;2;88;64;44m▀[38;2;196;64;48m[48;2;76;76;56m▀[38;2;236;72;56m[48;2;136;40;28m▀[38;2;255;84;52m[48;2;255;92;64m▀[38;2;255;76;44m[48;2;252;80;52m▀[38;2;255;80;48m[48;2;252;80;48m▀[38;2;255;88;56m▀[38;2;255;84;52m[48;2;252;80;52m▀[48;2;255;84;52m▀[48;2;255;84;48m▀[38;2;255;88;52m▀[38;2;255;88;56m[48;2;255;88;56m▀[38;2;255;84;52m[48;2;255;80;52m▀[38;2;255;84;48m[48;2;255;80;48m▀[38;2;255;80;44m[48;2;252;76;52m▀[38;2;224;80;60m[48;2;255;88;64m▀[38;2;64;20;12m[48;2;160;60;40m▀[38;2;24;20;20m[48;2;16;4;4m▀[38;2;28;32;32m[48;2;24;16;20m▀[38;2;60;72;72m[48;2;12;24;24m▀[38;2;72;84;88m[48;2;68;88;88m▀[38;2;20;24;32m[48;2;84;104;108m▀[38;2;16;16;24m[48;2;56;76;80m▀[38;2;44;52;56m[48;2;52;72;76m▀[38;2;36;48;52m▀[38;2;32;56;56m[48;2;68;96;96m▀[38;2;76;124;124m[48;2;68;104;104m▀[38;2;96;124;128m[48;2;28;44;52m▀[38;2;56;84;88m[48;2;20;24;32m▀[38;2;36;52;64m[48;2;16;12;24m▀[38;2;28;24;36m[48;2;20;16;28m▀[38;2;24;24;24m[48;2;24;24;32m▀[38;2;20;20;24m[48;2;20;16;16m▀[38;2;16;12;8m[48;2;36;28;28m▀[38;2;56;48;44m[48;2;80;68;64m▀[38;2;92;72;60m[48;2;92;64;60m▀[38;2;172;136;124m[48;2;224;180;152m▀[38;2;220;192;152m[48;2;252;220;180m▀[38;2;236;204;156m[48;2;184;148;124m▀[38;2;208;168;124m[48;2;144;108;96m▀[38;2;224;176;140m[48;2;204;152;132m▀[38;2;212;168;132m[48;2;184;128;112m▀[38;2;224;180;140m[48;2;168;124;104m▀[38;2;220;176;136m[48;2;180;140;108m▀[38;2;204;164;128m[48;2;188;152;116m▀[38;2;212;176;132m[48;2;180;144;112m▀[38;2;220;188;148m▀[38;2;196;164;132m[48;2;196;160;128m▀[38;2;180;148;120m[48;2;208;168;140m▀[38;2;180;140;116m[48;2;188;156;128m▀[38;2;188;140;116m[48;2;192;168;140m▀[38;2;184;140;116m[48;2;172;152;128m▀[38;2;204;156;132m[48;2;152;132;104m▀[38;2;212;156;132m[48;2;156;140;112m▀[38;2;212;152;128m[48;2;176;152;128m▀[38;2;220;160;136m[48;2;168;136;116m▀[38;2;220;156;136m[48;2;200;148;136m▀[38;2;220;160;136m[48;2;208;156;136m▀[38;2;220;160;128m[48;2;212;160;140m▀[38;2;216;156;120m[48;2;212;156;132m▀[38;2;224;164;128m[48;2;224;160;132m▀[38;2;224;160;112m[48;2;224;156;124m▀[38;2;224;164;132m[48;2;236;176;140m▀[38;2;64;48;40m[48;2;120;84;68m▀[38;2;52;88;80m[48;2;20;28;24m▀[38;2;80;132;128m[48;2;88;132;124m▀[38;2;84;132;148m[48;2;60;124;112m▀[38;2;44;48;60m[48;2;84;120;120m▀[38;2;148;40;36m[48;2;44;24;36m▀[38;2;255;80;60m[48;2;156;64;60m▀[38;2;228;52;40m[48;2;184;76;60m▀[38;2;180;112;84m[48;2;184;120;96m▀[0m
[38;2;136;48;40m[48;2;128;44;40m▀[38;2;100;112;60m[48;2;76;84;40m▀[38;2;96;148;76m[48;2;84;136;68m▀[38;2;72;116;60m[48;2;80;140;68m▀[38;2;56;64;44m[48;2;44;52;32m▀[38;2;120;48;40m[48;2;208;80;72m▀[38;2;220;68;64m[48;2;240;80;68m▀[38;2;112;56;48m[48;2;48;60;28m▀[38;2;84;132;76m[48;2;84;144;80m▀[38;2;76;100;64m[48;2;60;60;28m▀[38;2;164;56;40m[48;2;196;68;44m▀[38;2;255;80;44m[48;2;248;108;68m▀[38;2;255;92;60m[48;2;184;88;60m▀[38;2;255;96;56m[48;2;144;68;56m▀[38;2;255;88;52m[48;2;140;48;40m▀[38;2;255;80;40m[48;2;208;76;64m▀[38;2;252;76;44m[48;2;255;92;60m▀[38;2;255;80;48m[48;2;255;84;52m▀[38;2;255;84;52m[48;2;252;84;48m▀[38;2;255;84;48m[48;2;255;84;48m▀[38;2;255;80;44m▀[38;2;255;80;48m[48;2;255;84;52m▀[38;2;255;80;44m[48;2;252;84;48m▀[38;2;244;68;44m[48;2;236;64;40m▀[38;2;184;84;72m[48;2;188;100;92m▀[38;2;64;44;40m[48;2;152;136;124m▀[38;2;20;12;12m[48;2;24;12;12m▀[38;2;24;24;24m[48;2;32;24;24m▀[38;2;12;16;20m[48;2;28;20;20m▀[38;2;28;36;40m[48;2;20;20;24m▀[38;2;28;32;36m[48;2;24;24;28m▀[38;2;12;12;16m[48;2;20;20;24m▀[38;2;32;44;44m[48;2;16;24;24m▀[38;2;64;76;80m[48;2;36;44;44m▀[38;2;28;36;40m[48;2;20;28;28m▀[38;2;8;12;16m[48;2;20;20;24m▀[38;2;20;20;28m[48;2;24;20;24m▀[38;2;20;20;24m[48;2;20;20;24m▀[38;2;20;16;24m[48;2;20;16;16m▀[38;2;20;16;20m[48;2;24;16;16m▀[38;2;24;12;16m[48;2;68;56;56m▀[38;2;76;60;56m[48;2;84;64;60m▀[38;2;96;72;64m[48;2;104;76;64m▀[38;2;124;92;80m[48;2;120;84;76m▀[38;2;224;180;152m[48;2;204;164;140m▀[38;2;140;96;72m[48;2;180;140;120m▀[38;2;128;92;76m[48;2;184;152;136m▀[38;2;124;96;84m[48;2;160;132;120m▀[38;2;200;160;144m[48;2;120;92;80m▀[38;2;212;168;152m[48;2;156;120;108m▀[38;2;212;168;144m[48;2;188;144;120m▀[38;2;196;152;124m[48;2;192;148;120m▀[38;2;200;156;124m[48;2;200;156;128m▀[38;2;192;148;116m[48;2;196;152;124m▀[38;2;176;132;108m[48;2;200;152;132m▀[38;2;168;124;104m[48;2;196;148;132m▀[38;2;176;132;108m[48;2;192;144;128m▀[38;2;184;144;120m[48;2;192;148;128m▀[38;2;168;132;108m[48;2;188;140;120m▀[38;2;168;140;112m[48;2;172;132;112m▀[38;2;180;156;128m[48;2;164;132;112m▀[38;2;164;148;120m[48;2;152;132;108m▀[38;2;156;136;112m[48;2;140;116;100m▀[38;2;160;136;120m[48;2;136;116;96m▀[38;2;132;108;92m[48;2;140;120;96m▀[38;2;124;100;80m[48;2;148;124;104m▀[38;2;160;136;116m[48;2;124;104;84m▀[38;2;176;144;124m[48;2;132;116;92m▀[38;2;172;136;120m▀[38;2;176;136;124m[48;2;140;124;108m▀[38;2;196;160;136m[48;2;148;132;108m▀[38;2;144;120;96m[48;2;136;116;92m▀[38;2;4;0;0m[48;2;112;92;76m▀[38;2;52;80;68m[48;2;124;108;88m▀[38;2;76;136;116m[48;2;140;128;112m▀[38;2;72;128;116m[48;2;148;136;112m▀[38;2;60;92;88m[48;2;124;124;100m▀[38;2;76;64;56m[48;2;120;108;84m▀[38;2;204;160;140m[48;2;180;140;108m▀[38;2;172;136;104m[48;2;176;136;108m▀[0m
[38;2;144;52;36m[48;2;180;60;44m▀[38;2;80;48;32m[48;2;124;56;44m▀[38;2;64;112;48m[48;2;80;120;60m▀[38;2;96;144;64m[48;2;92;144;60m▀[38;2;64;100;48m[48;2;80;132;60m▀[38;2;96;56;44m[48;2;36;56;24m▀[38;2;128;84;76m[48;2;60;72;44m▀[38;2;64;104;48m[48;2;96;152;80m▀[38;2;92;140;76m[48;2;60;112;56m▀[38;2;64;48;32m[48;2;88;48;36m▀[38;2;140;68;56m[48;2;100;48;44m▀[38;2;124;92;80m[48;2;84;100;108m▀[38;2;80;112;96m[48;2;56;104;108m▀[38;2;76;128;124m[48;2;52;76;80m▀[38;2;88;128;132m[48;2;52;92;92m▀[38;2;92;96;104m[48;2;72;116;116m▀[38;2;152;60;48m[48;2;68;120;124m▀[38;2;232;76;56m[48;2;88;60;56m▀[38;2;255;88;60m[48;2;212;76;76m▀[38;2;252;84;56m[48;2;255;100;80m▀[38;2;252;80;52m[48;2;255;92;60m▀[38;2;255;84;48m[48;2;248;104;64m▀[38;2;255;96;56m[48;2;208;100;68m▀[38;2;255;96;60m[48;2;164;56;40m▀[38;2;196;72;64m[48;2;124;56;40m▀[38;2;176;140;132m[48;2;96;72;60m▀[38;2;112;84;80m[48;2;168;140;136m▀[38;2;24;4;4m[48;2;88;64;60m▀[38;2;40;24;24m[48;2;20;0;0m▀[38;2;24;20;20m[48;2;28;16;16m▀[38;2;16;12;16m[48;2;20;12;12m▀[38;2;24;24;28m[48;2;20;16;16m▀[38;2;32;20;28m[48;2;28;12;20m▀[38;2;24;16;24m[48;2;28;16;20m▀[38;2;20;20;20m[48;2;24;16;16m▀[38;2;32;28;28m[48;2;32;20;20m▀[38;2;28;20;20m[48;2;32;20;16m▀[38;2;24;20;12m[48;2;40;24;20m▀[38;2;24;16;16m[48;2;32;16;16m▀[38;2;32;20;20m[48;2;48;36;32m▀[38;2;64;52;52m[48;2;68;48;44m▀[38;2;88;56;56m[48;2;124;88;80m▀[38;2;148;108;96m[48;2;184;132;116m▀[38;2;112;80;76m[48;2;108;76;68m▀[38;2;208;160;136m[48;2;196;156;136m▀[38;2;200;164;128m[48;2;200;164;132m▀[38;2;200;164;140m[48;2;196;160;136m▀[38;2;184;144;128m[48;2;200;164;144m▀[38;2;136;104;96m[48;2;204;172;156m▀[38;2;116;80;68m[48;2;192;152;136m▀[38;2;144;104;88m[48;2;192;148;128m▀[38;2;192;148;124m[48;2;192;148;124m▀[38;2;196;152;124m[48;2;192;144;120m▀[38;2;200;152;120m[48;2;196;144;116m▀[38;2;196;148;120m[48;2;192;144;116m▀[38;2;200;148;124m[48;2;200;148;124m▀[38;2;196;148;120m[48;2;192;144;116m▀[38;2;200;148;124m[48;2;196;148;120m▀[38;2;196;152;124m[48;2;184;136;108m▀[38;2;200;160;136m[48;2;188;144;124m▀[38;2;180;144;124m▀[38;2;128;100;88m[48;2;156;120;104m▀[38;2;116;96;84m[48;2;128;92;76m▀[38;2;128;104;92m[48;2;140;104;88m▀[38;2;132;104;88m[48;2;152;116;92m▀[38;2;136;116;92m[48;2;164;124;100m▀[38;2;140;124;96m[48;2;196;152;124m▀[38;2;152;128;96m[48;2;204;156;128m▀[38;2;136;112;80m[48;2;200;152;124m▀[38;2;136;100;76m[48;2;192;148;124m▀[38;2;124;92;72m[48;2;180;144;116m▀[38;2;136;104;84m[48;2;120;96;80m▀[38;2;160;120;100m[48;2;48;36;36m▀[38;2;152;120;104m[48;2;56;44;44m▀[38;2;136;108;92m[48;2;64;60;56m▀[38;2;156;124;88m[48;2;84;92;80m▀[38;2;172;136;100m[48;2;92;100;84m▀[38;2;180;144;112m[48;2;104;108;92m▀[38;2;160;128;104m[48;2;96;92;84m▀[38;2;184;136;100m[48;2;172;140;100m▀[0m
[38;2;204;56;44m[48;2;208;56;48m▀[38;2;160;64;48m[48;2;204;68;52m▀[38;2;88;108;60m[48;2;68;84;48m▀[38;2;92;152;60m[48;2;96;148;68m▀[38;2;84;136;52m[48;2;88;136;56m▀[38;2;84;124;60m[48;2;96;140;68m▀[38;2;88;140;68m[48;2;88;136;68m▀[38;2;84;148;72m[48;2;92;136;76m▀[38;2;44;64;36m[48;2;76;36;20m▀[38;2;180;60;52m[48;2;244;84;68m▀[38;2;144;64;48m[48;2;124;52;44m▀[38;2;44;80;76m[48;2;80;116;124m▀[38;2;72;104;104m[48;2;76;108;100m▀[38;2;44;52;60m[48;2;20;20;28m▀[38;2;4;12;20m[48;2;24;28;40m▀[38;2;20;32;36m[48;2;60;80;88m▀[38;2;72;120;128m[48;2;52;92;96m▀[38;2;80;132;140m[48;2;52;92;100m▀[38;2;76;64;68m[48;2;44;84;88m▀[38;2;128;64;56m[48;2;16;40;44m▀[38;2;116;64;52m[48;2;56;92;96m▀[38;2;92;84;72m[48;2;84;144;148m▀[38;2;64;88;80m[48;2;64;120;124m▀[38;2;64;84;84m[48;2;80;124;128m▀[38;2;60;88;92m[48;2;76;124;128m▀[38;2;68;92;92m[48;2;96;148;148m▀[38;2;96;100;96m[48;2;68;112;112m▀[38;2;160;140;136m[48;2;124;124;124m▀[38;2;104;80;76m[48;2;224;176;172m▀[38;2;32;0;4m[48;2;196;148;136m▀[38;2;36;16;16m[48;2;60;32;24m▀[38;2;32;16;16m[48;2;76;56;52m▀[38;2;28;12;12m[48;2;52;40;36m▀[38;2;36;20;20m[48;2;56;36;28m▀[38;2;48;28;28m[48;2;112;76;68m▀[38;2;40;16;12m▀[38;2;28;4;0m[48;2;80;40;44m▀[38;2;32;8;8m[48;2;108;72;60m▀[38;2;36;8;8m[48;2;148;108;96m▀[38;2;116;84;72m[48;2;212;164;152m▀[38;2;176;128;104m[48;2;236;188;156m▀[38;2;192;132;104m[48;2;228;176;148m▀[38;2;228;168;136m[48;2;252;204;172m▀[38;2;116;80;68m[48;2;124;100;80m▀[38;2;156;120;108m[48;2;120;96;88m▀[38;2;200;164;136m[48;2;200;164;148m▀[38;2;188;152;132m[48;2;124;92;80m▀[38;2;192;156;140m[48;2;120;88;76m▀[38;2;184;148;124m[48;2;160;124;100m▀[38;2;188;148;124m[48;2;196;156;132m▀[38;2;192;152;120m[48;2;192;152;132m▀[38;2;196;148;124m[48;2;212;164;152m▀[38;2;200;148;124m[48;2;196;148;136m▀[38;2;204;156;120m[48;2;168;124;116m▀[38;2;220;168;140m[48;2;144;104;96m▀[38;2;208;156;132m[48;2;140;104;100m▀[38;2;204;152;132m[48;2;132;96;88m▀[38;2;216;168;140m[48;2;136;96;88m▀[38;2;208;164;132m[48;2;132;100;84m▀[38;2;216;164;140m[48;2;128;92;92m▀[48;2;140;104;104m▀[38;2;216;164;136m[48;2;156;120;112m▀[38;2;212;156;128m[48;2;184;144;132m▀[38;2;200;144;116m[48;2;216;168;152m▀[38;2;196;140;112m[48;2;228;172;144m▀[38;2;204;148;120m[48;2;224;164;136m▀[38;2;212;148;124m[48;2;220;160;128m▀[38;2;204;144;116m[48;2;200;144;116m▀[38;2;216;160;132m[48;2;216;164;136m▀[38;2;212;156;124m[48;2;200;148;120m▀[38;2;216;168;140m[48;2;204;160;132m▀[38;2;100;80;68m[48;2;64;44;40m▀[38;2;8;0;4m[48;2;12;4;12m▀[38;2;16;0;8m[48;2;20;12;20m▀[38;2;4;12;12m[48;2;12;12;16m▀[38;2;52;92;92m[48;2;40;68;68m▀[38;2;56;100;100m[48;2;56;108;104m▀[38;2;52;108;112m[48;2;56;116;112m▀[38;2;40;88;92m[48;2;48;92;96m▀[38;2;148;132;108m[48;2;160;140;100m▀[0m
[38;2;212;64;56m[48;2;196;60;48m▀[38;2;232;76;60m[48;2;248;76;64m▀[38;2;60;64;40m[48;2;80;48;32m▀[38;2;92;140;64m[48;2;92;136;72m▀[38;2;92;136;60m[48;2;104;144;76m▀[38;2;72;116;48m[48;2;80;120;48m▀[38;2;84;124;64m[48;2;56;88;40m▀[38;2;76;84;44m[48;2;68;28;20m▀[38;2;120;36;24m[48;2;224;80;56m▀[38;2;255;88;68m[48;2;220;76;60m▀[38;2;108;56;48m[48;2;68;44;40m▀[38;2;96;136;144m[48;2;52;84;84m▀[38;2;36;56;52m[48;2;12;20;24m▀[38;2;12;8;16m[48;2;20;20;20m▀[38;2;20;24;32m[48;2;16;20;20m▀[38;2;72;104;108m[48;2;20;24;28m▀[38;2;96;140;144m[48;2;24;52;52m▀[38;2;96;132;136m[48;2;36;76;80m▀[38;2;52;84;84m[48;2;76;128;136m▀[38;2;80;112;112m[48;2;92;144;148m▀[38;2;56;84;88m[48;2;68;100;108m▀[38;2;76;112;120m[48;2;48;64;72m▀[38;2;68;96;108m[48;2;68;92;96m▀[38;2;64;96;104m[48;2;52;76;84m▀[38;2;60;100;104m[48;2;56;96;96m▀[38;2;64;112;112m[48;2;60;100;100m▀[38;2;88;136;136m[48;2;64;104;108m▀[38;2;72;116;104m[48;2;64;124;112m▀[38;2;136;116;104m[48;2;84;88;80m▀[38;2;188;140;120m[48;2;204;164;136m▀[38;2;168;132;120m[48;2;224;188;152m▀[38;2;100;72;64m[48;2;136;96;84m▀[38;2;172;120;104m[48;2;196;148;136m▀[38;2;176;132;108m[48;2;196;156;128m▀[38;2;156;116;96m[48;2;184;148;104m▀[38;2;152;112;104m[48;2;200;168;100m▀[38;2;144;104;104m[48;2;224;196;108m▀[38;2;160;120;96m[48;2;244;212;80m▀[38;2;188;152;108m[48;2;252;220;84m▀[38;2;180;140;88m[48;2;255;220;80m▀[38;2;164;124;84m[48;2;255;212;76m▀[38;2;160;116;88m[48;2;255;216;84m▀[38;2;132;108;84m[48;2;248;208;80m▀[38;2;100;88;64m[48;2;236;208;88m▀[38;2;80;60;56m[48;2;192;156;104m▀[38;2;188;156;148m[48;2;88;60;60m▀[38;2;184;152;140m[48;2;112;84;76m▀[38;2;196;164;152m[48;2;140;112;96m▀[38;2;212;172;152m[48;2;140;108;104m▀[38;2;200;160;144m▀[38;2;180;140;132m[48;2;160;128;108m▀[38;2;144;100;92m[48;2;208;176;116m▀[38;2;152;112;92m[48;2;252;212;96m▀[38;2;180;140;100m[48;2;255;216;88m▀[38;2;192;152;88m[48;2;255;216;80m▀[38;2;212;176;88m[48;2;255;212;68m▀[38;2;224;184;92m[48;2;255;212;64m▀[38;2;216;176;84m[48;2;255;204;56m▀[38;2;208;168;72m[48;2;255;212;60m▀[38;2;200;164;76m[48;2;255;216;68m▀[38;2;172;140;68m[48;2;255;220;72m▀[38;2;156;128;72m[48;2;255;220;76m▀[38;2;136;104;72m[48;2;255;224;92m▀[38;2;140;108;88m[48;2;244;212;92m▀[38;2;132;92;88m[48;2;204;172;88m▀[38;2;176;144;136m[48;2;156;128;76m▀[38;2;120;104;92m[48;2;60;28;28m▀[38;2;156;116;92m[48;2;104;72;68m▀[38;2;212;164;132m[48;2;192;160;136m▀[38;2;204;160;128m[48;2;204;168;132m▀[38;2;180;136;112m[48;2;144;112;96m▀[38;2;36;16;12m[48;2;48;32;28m▀[38;2;16;12;16m[48;2;12;8;8m▀▀[38;2;12;8;12m[48;2;8;4;4m▀[38;2;24;32;36m[48;2;16;12;16m▀[38;2;64;108;104m[48;2;68;108;104m▀[38;2;60;116;116m[48;2;72;124;120m▀[38;2;52;96;100m[48;2;60;96;104m▀[38;2;164;144;100m[48;2;164;140;96m▀[0m
[38;2;196;56;44m[48;2;208;64;52m▀[38;2;244;80;68m[48;2;220;68;56m▀[38;2;80;56;36m[48;2;76;60;40m▀[38;2;52;88;40m[48;2;68;92;60m▀[38;2;52;76;32m[48;2;32;44;16m▀[38;2;96;132;76m[48;2;72;100;64m▀[38;2;60;84;48m[48;2;56;68;44m▀[38;2;128;40;32m[48;2;200;60;44m▀[38;2;255;92;68m[48;2;255;76;52m▀[38;2;236;76;52m[48;2;255;80;56m▀[38;2;88;64;56m[48;2;128;60;48m▀[38;2;96;136;136m[48;2;68;104;108m▀[38;2;24;28;32m[48;2;28;28;36m▀[38;2;20;16;20m[48;2;24;12;24m▀[38;2;24;12;20m[48;2;16;12;20m▀[38;2;20;8;20m[48;2;20;16;24m▀[38;2;20;24;28m[48;2;12;16;20m▀[38;2;44;60;68m[48;2;20;28;28m▀[38;2;64;100;100m[48;2;44;56;52m▀[38;2;104;140;144m[48;2;60;76;84m▀[38;2;48;68;80m[48;2;32;48;52m▀[38;2;24;44;52m[48;2;28;44;52m▀[38;2;80;104;108m[48;2;48;72;76m▀[38;2;60;88;92m[48;2;60;88;88m▀[38;2;60;92;96m[48;2;68;92;96m▀[48;2;68;96;96m▀[38;2;64;104;104m[48;2;64;96;96m▀[38;2;60;116;104m[48;2;56;88;84m▀[38;2;88;96;88m[48;2;72;64;60m▀[38;2;212;168;144m[48;2;204;160;144m▀[38;2;220;180;144m[48;2;224;180;148m▀[38;2;200;160;144m[48;2;160;128;108m▀[38;2;124;100;80m[48;2;216;184;92m▀[38;2;224;192;100m[48;2;255;232;60m▀[38;2;255;220;88m[48;2;252;208;56m▀[38;2;255;228;76m[48;2;252;220;64m▀[38;2;255;224;68m[48;2;252;220;68m▀[38;2;255;224;64m[48;2;252;216;72m▀[38;2;255;220;72m[48;2;252;208;64m▀[38;2;255;216;76m[48;2;252;208;60m▀[38;2;252;212;60m[48;2;255;208;52m▀[38;2;252;208;52m[48;2;255;216;60m▀[38;2;255;216;60m[48;2;255;220;72m▀[38;2;255;212;56m[48;2;255;216;68m▀[38;2;255;224;100m[48;2;255;228;68m▀[38;2;172;140;108m[48;2;240;208;100m▀[38;2;160;120;100m[48;2;180;128;112m▀[38;2;172;136;100m[48;2;212;156;144m▀[38;2;108;80;68m[48;2;136;96;88m▀[38;2;176;152;112m[48;2;184;148;112m▀[38;2;255;232;144m[48;2;168;124;72m▀[38;2;255;224;112m[48;2;152;120;64m▀[38;2;255;212;68m[48;2;180;140;72m▀[38;2;255;204;56m[48;2;220;180;88m▀[38;2;252;208;56m[48;2;232;188;72m▀[38;2;252;204;52m[48;2;228;180;52m▀[38;2;252;208;60m[48;2;255;212;88m▀[38;2;252;196;56m[48;2;255;212;80m▀[38;2;252;192;56m[48;2;255;204;68m▀[38;2;252;208;72m[48;2;255;208;68m▀[38;2;252;196;56m[48;2;255;204;60m▀[38;2;252;204;60m[48;2;255;204;56m▀[38;2;252;204;56m▀[38;2;255;212;60m[48;2;255;212;64m▀[38;2;255;228;68m[48;2;252;216;68m▀[38;2;255;232;88m▀[38;2;248;208;92m[48;2;255;220;64m▀[38;2;160;124;76m[48;2;255;228;80m▀[38;2;108;72;60m[48;2;224;188;92m▀[38;2;160;120;112m[48;2;140;100;64m▀[38;2;156;132;128m[48;2;64;36;40m▀[38;2;36;20;16m[48;2;12;8;8m▀[38;2;16;12;8m[48;2;16;16;12m▀[38;2;12;8;12m[48;2;12;12;12m▀[38;2;16;12;16m[48;2;16;16;20m▀[38;2;8;8;12m[48;2;8;12;12m▀[38;2;48;72;72m[48;2;28;40;40m▀[38;2;76;124;120m[48;2;60;112;104m▀[38;2;52;92;92m[48;2;48;92;84m▀[38;2;164;140;96m[48;2;156;132;92m▀[0m
[38;2;212;60;56m[48;2;188;68;60m▀[38;2;180;68;56m[48;2;92;44;28m▀[38;2;60;84;48m[48;2;72;132;72m▀[38;2;56;84;44m[48;2;96;136;76m▀[38;2;60;84;44m[48;2;68;108;52m▀[38;2;56;88;56m[48;2;64;96;60m▀[38;2;72;60;36m[48;2;112;60;44m▀[38;2;232;72;48m[48;2;255;84;60m▀[38;2;255;76;52m[48;2;252;80;52m▀[38;2;255;84;56m[48;2;255;80;56m▀[38;2;148;52;40m[48;2;212;72;56m▀[38;2;56;76;84m[48;2;96;64;72m▀[38;2;52;56;60m[48;2;56;56;60m▀[38;2;16;0;0m[48;2;84;20;28m▀[38;2;32;4;4m[48;2;200;68;92m▀[38;2;24;12;8m[48;2;116;36;48m▀[38;2;24;8;16m[48;2;28;4;4m▀[38;2;24;12;16m[48;2;36;12;12m▀[38;2;16;12;12m[48;2;16;4;16m▀[38;2;12;16;24m[48;2;8;8;20m▀[38;2;8;16;24m[48;2;12;16;24m▀[38;2;12;20;28m[48;2;4;16;24m▀[38;2;12;20;24m[48;2;8;8;20m▀[38;2;32;40;40m[48;2;0;0;12m▀[38;2;40;44;48m[48;2;0;0;8m▀[38;2;36;44;48m[48;2;0;0;4m▀[38;2;44;56;60m[48;2;24;24;28m▀[38;2;24;40;36m[48;2;64;72;60m▀[38;2;104;88;68m[48;2;164;152;128m▀[38;2;228;176;148m[48;2;220;180;160m▀[38;2;204;168;152m[48;2;160;132;124m▀[38;2;124;104;72m[48;2;136;116;80m▀[38;2;252;216;72m[48;2;232;200;84m▀[38;2;255;224;48m[48;2;236;204;60m▀[38;2;255;224;76m[48;2;252;224;88m▀[38;2;255;224;68m[48;2;255;224;84m▀[38;2;255;224;64m[48;2;244;212;80m▀[38;2;255;220;72m[48;2;220;184;88m▀[38;2;255;220;88m[48;2;192;152;88m▀[38;2;255;216;84m[48;2;160;124;68m▀[38;2;255;208;84m[48;2;144;100;60m▀[38;2;236;200;84m[48;2;156;112;60m▀[38;2;220;180;68m[48;2;168;136;56m▀[38;2;208;168;60m[48;2;176;136;68m▀[38;2;200;164;60m[48;2;184;136;64m▀[38;2;196;168;88m[48;2;184;148;76m▀[38;2;136;100;72m[48;2;196;160;84m▀[38;2;216;168;100m[48;2;248;208;72m▀[38;2;184;144;60m[48;2;244;200;80m▀[38;2;92;68;56m[48;2;184;152;96m▀[38;2;156;132;92m[48;2;72;40;24m▀[38;2;212;180;100m[48;2;156;124;64m▀[38;2;148;112;64m[48;2;255;232;100m▀[38;2;68;48;24m[48;2;200;168;76m▀[38;2;104;88;56m[48;2;64;40;16m▀[38;2;164;136;80m[48;2;104;88;64m▀[38;2;124;104;56m[48;2;160;136;96m▀[38;2;188;156;84m[48;2;92;64;36m▀[38;2;240;192;76m[48;2;124;100;52m▀[38;2;252;212;68m[48;2;192;164;80m▀[38;2;255;208;68m[48;2;236;196;100m▀[38;2;255;212;64m[48;2;252;212;76m▀[38;2;255;208;64m[48;2;255;216;76m▀[38;2;255;212;68m[48;2;255;208;64m▀[38;2;255;216;72m[48;2;255;216;68m▀[48;2;255;216;72m▀[38;2;255;212;72m[48;2;255;212;72m▀[38;2;252;200;52m[48;2;255;204;60m▀[38;2;255;224;80m[48;2;255;212;68m▀[48;2;252;208;56m▀[38;2;180;144;52m[48;2;255;224;72m▀[38;2;52;28;16m[48;2;224;188;84m▀[38;2;12;4;0m[48;2;80;56;36m▀[38;2;20;12;16m[48;2;28;12;20m▀[38;2;16;12;16m[48;2;20;12;16m▀[38;2;12;8;12m[48;2;16;16;20m▀[38;2;12;16;20m[48;2;8;8;8m▀[38;2;64;104;100m[48;2;52;80;76m▀[38;2;52;92;84m[48;2;56;100;92m▀[38;2;164;144;100m[48;2;160;132;92m▀[0m
[38;2;140;52;56m[48;2;112;92;72m▀[38;2;56;92;56m[48;2;76;132;64m▀[38;2;84;144;64m[48;2;92;148;68m▀[38;2;76;132;48m[48;2;84;140;56m▀[38;2;84;144;60m[48;2;88;148;60m▀[38;2;76;116;64m[48;2;76;116;64m▀[38;2;144;48;32m[48;2;148;52;36m▀[38;2;255;84;56m[48;2;255;88;60m▀[38;2;252;80;52m[48;2;252;76;48m▀[38;2;255;76;48m[48;2;255;72;44m▀[38;2;255;80;48m[48;2;255;76;44m▀[38;2;220;68;52m[48;2;255;80;56m▀[38;2;136;36;36m[48;2;255;84;64m▀[38;2;220;80;72m[48;2;255;84;56m▀[38;2;255;92;84m[48;2;252;84;56m▀[38;2;172;68;60m[48;2;228;88;68m▀[38;2;40;0;0m[48;2;140;28;28m▀[38;2;184;72;48m[48;2;255;92;64m▀[38;2;132;52;40m[48;2;172;60;40m▀[38;2;12;0;0m[48;2;84;40;20m▀[38;2;16;0;0m[48;2;172;140;64m▀[38;2;32;16;12m[48;2;224;192;88m▀[38;2;60;44;20m[48;2;248;212;84m▀[38;2;96;76;44m[48;2;255;248;88m▀[38;2;148;128;68m[48;2;228;204;96m▀[38;2;172;156;100m[48;2;140;104;64m▀[38;2;140;116;88m[48;2;164;136;84m▀[38;2;116;96;80m[48;2;208;180;76m▀[38;2;92;72;56m[48;2;236;196;72m▀[38;2;152;120;84m[48;2;252;204;72m▀[38;2;180;152;84m[48;2;255;220;84m▀[38;2;164;132;68m[48;2;255;224;84m▀[38;2;180;144;68m[48;2;255;220;60m▀[38;2;184;148;76m[48;2;255;228;68m▀[38;2;180;148;76m[48;2;255;224;72m▀[38;2;148;116;60m[48;2;244;212;80m▀[38;2;144;108;68m[48;2;224;196;84m▀[38;2;168;136;92m[48;2;220;188;92m▀[38;2;184;148;84m[48;2;228;184;76m▀[38;2;220;176;68m[48;2;248;208;80m▀[38;2;244;196;68m[48;2;255;216;76m▀[38;2;255;204;68m[48;2;252;196;60m▀[38;2;255;220;80m[48;2;252;204;72m▀[38;2;255;224;76m[48;2;252;200;60m▀[38;2;255;220;72m[48;2;252;204;60m▀[38;2;255;216;80m[48;2;252;200;68m▀[38;2;255;216;76m[48;2;252;204;76m▀[48;2;255;224;92m▀[38;2;208;160;80m[48;2;176;136;72m▀[38;2;180;136;80m[48;2;128;92;36m▀[38;2;232;192;96m[48;2;255;232;88m▀[38;2;64;36;16m[48;2;112;84;48m▀[38;2;240;192;76m[48;2;224;184;68m▀[38;2;255;224;76m[48;2;252;204;60m▀[38;2;220;176;80m[48;2;255;216;68m▀[38;2;52;28;8m[48;2;188;144;64m▀[38;2;180;152;100m[48;2;76;36;20m▀[38;2;208;176;100m[48;2;248;208;96m▀[38;2;128;100;60m[48;2;248;212;88m▀[38;2;140;108;64m[48;2;212;176;80m▀[38;2;144;112;76m[48;2;156;112;48m▀[38;2;176;144;84m[48;2;128;104;88m▀[38;2;220;180;76m[48;2;136;108;68m▀[38;2;255;224;84m[48;2;188;156;84m▀[38;2;255;216;60m[48;2;244;208;92m▀[38;2;255;208;64m[48;2;255;220;68m▀[38;2;255;200;64m[48;2;255;204;64m▀[38;2;255;208;60m[48;2;255;212;64m▀[38;2;255;212;64m[48;2;255;216;64m▀[38;2;255;208;56m[48;2;255;212;64m▀[38;2;252;200;56m[48;2;255;208;64m▀[38;2;255;216;72m[48;2;252;204;60m▀[38;2;244;200;96m[48;2;255;216;68m▀[38;2;84;48;20m[48;2;232;196;76m▀[38;2;12;4;8m[48;2;68;44;12m▀[38;2;16;20;20m[48;2;12;8;8m▀[38;2;4;4;4m[48;2;16;8;8m▀[38;2;32;44;40m[48;2;16;28;24m▀[38;2;60;100;92m[48;2;64;100;88m▀[38;2;168;144;108m[48;2;164;140;100m▀[0m
[38;2;92;112;72m[48;2;104;140;84m▀[38;2;80;148;64m[48;2;96;140;64m▀[38;2;88;144;64m[48;2;84;144;64m▀[38;2;88;144;60m[48;2;88;140;64m▀[38;2;88;148;60m[48;2;92;148;68m▀[38;2;72;112;56m[48;2;72;112;56m▀[38;2;156;52;40m[48;2;156;52;44m▀[38;2;255;88;60m[48;2;255;88;64m▀[38;2;252;76;48m[48;2;252;76;48m▀[38;2;255;72;40m[48;2;255;72;44m▀[38;2;255;80;40m[48;2;255;72;36m▀[38;2;255;84;56m[48;2;252;80;44m▀[38;2;252;84;56m[48;2;255;84;52m▀[38;2;252;84;52m[48;2;255;92;60m▀[38;2;255;88;60m[48;2;232;88;52m▀[38;2;255;88;64m[48;2;208;100;56m▀[38;2;248;100;80m[48;2;124;56;40m▀[38;2;136;40;36m[48;2;160;124;56m▀[38;2;156;108;52m[48;2;255;244;96m▀[38;2;248;220;100m[48;2;255;224;64m▀[38;2;255;228;72m[48;2;252;212;60m▀[38;2;255;224;64m[48;2;252;232;76m▀[38;2;255;248;80m[48;2;212;196;84m▀[38;2;180;156;64m[48;2;88;44;24m▀[38;2;100;60;36m[48;2;240;208;100m▀[38;2;208;184;80m[48;2;255;236;72m▀[38;2;255;228;72m[48;2;252;216;44m▀[48;2;252;224;52m▀[38;2;255;212;72m[48;2;232;192;80m▀[38;2;216;168;64m[48;2;208;168;84m▀[38;2;164;124;48m[48;2;220;184;68m▀[38;2;236;200;76m[48;2;136;88;48m▀[38;2;252;220;60m[48;2;252;220;80m▀[38;2;252;216;60m[48;2;255;220;48m▀[38;2;255;216;60m[48;2;255;220;56m▀[38;2;255;224;64m[48;2;255;216;60m▀[38;2;255;232;72m[48;2;255;224;72m▀[38;2;255;220;68m[48;2;252;216;76m▀[38;2;255;232;84m[48;2;255;216;72m▀[38;2;255;216;72m[48;2;255;212;64m▀[38;2;255;216;76m[48;2;255;212;68m▀[38;2;255;212;72m[48;2;255;212;72m▀[38;2;255;204;68m[48;2;255;208;68m▀[38;2;255;200;56m▀[38;2;255;204;60m▀[38;2;255;204;64m[48;2;252;200;60m▀[38;2;252;208;80m[48;2;255;208;68m▀[38;2;255;216;92m[48;2;244;200;88m▀[38;2;120;76;28m[48;2;132;76;32m▀[38;2;156;120;56m[48;2;240;196;80m▀[38;2;255;228;88m[48;2;248;204;88m▀[38;2;148;116;68m[48;2;144;116;72m▀[38;2;232;188;68m[48;2;252;208;64m▀[38;2;255;212;60m[48;2;255;208;56m▀[38;2;252;200;48m[48;2;252;208;56m▀[38;2;255;216;80m[48;2;255;216;60m▀[38;2;112;72;32m[48;2;180;124;48m▀[38;2;164;124;52m[48;2;116;84;52m▀[38;2;255;228;80m[48;2;255;232;80m▀[38;2;255;216;76m[48;2;252;208;64m▀[38;2;252;208;80m[48;2;255;212;68m▀[38;2;224;192;84m[48;2;255;232;76m▀[38;2;164;128;84m[48;2;252;216;92m▀[38;2;132;96;72m[48;2;208;160;84m▀[38;2;180;144;84m[48;2;132;96;44m▀[38;2;240;196;68m[48;2;180;140;76m▀[38;2;255;212;68m[48;2;248;204;68m▀[38;2;255;212;60m[48;2;255;220;56m▀[48;2;255;212;60m▀[38;2;255;212;64m[48;2;255;204;60m▀[38;2;255;212;68m[48;2;255;212;64m▀[38;2;255;208;64m[48;2;255;204;56m▀[38;2;252;204;60m[48;2;255;200;56m▀[38;2;255;216;60m[48;2;252;200;56m▀[38;2;220;176;76m[48;2;255;208;60m▀[38;2;40;20;12m[48;2;196;148;68m▀[38;2;16;4;4m[48;2;24;8;8m▀[38;2;12;16;12m[48;2;8;4;12m▀[38;2;48;80;72m[48;2;28;44;40m▀[38;2;160;136;96m[48;2;172;148;108m▀[0m
[38;2;84;124;68m[48;2;72;120;60m▀[38;2;96;144;64m[48;2;92;144;56m▀[38;2;88;144;68m[48;2;84;140;64m▀[38;2;88;140;68m[48;2;88;140;68m▀[38;2;92;148;68m[48;2;92;144;68m▀[38;2;76;116;60m[48;2;84;120;64m▀[38;2;148;56;40m[48;2;132;52;32m▀[38;2;255;88;60m[48;2;255;84;56m▀[38;2;252;72;48m[48;2;252;68;44m▀[38;2;255;76;48m[48;2;252;72;52m▀[38;2;252;76;48m[48;2;255;88;64m▀[38;2;255;84;60m[48;2;224;100;84m▀[38;2;244;92;72m[48;2;112;72;40m▀[38;2;140;60;44m[48;2;88;116;64m▀[38;2;92;88;64m[48;2;104;160;100m▀[38;2;72;72;60m[48;2;72;72;44m▀[38;2;108;80;36m[48;2;196;164;76m▀[38;2;255;236;104m[48;2;255;236;64m▀[38;2;252;220;80m[48;2;252;220;56m▀[38;2;255;216;64m[48;2;255;220;60m▀[38;2;252;216;60m[48;2;255;224;56m▀[38;2;255;240;88m[48;2;255;232;88m▀[38;2;124;92;36m[48;2;96;72;32m▀[38;2;172;144;68m[48;2;220;200;72m▀[38;2;255;252;80m[48;2;255;232;56m▀[38;2;252;220;48m[48;2;252;224;64m▀[38;2;252;224;60m[48;2;255;224;64m▀[38;2;255;232;76m[48;2;255;224;72m▀[38;2;172;136;72m[48;2;132;104;60m▀[38;2;216;176;64m[48;2;240;208;76m▀[38;2;255;236;88m[48;2;255;220;64m▀[38;2;172;124;40m[48;2;255;224;104m▀[38;2;204;160;76m[48;2;184;144;76m▀[38;2;255;228;76m[48;2;248;220;84m▀[38;2;252;216;56m[48;2;255;220;72m▀[38;2;255;220;64m[48;2;255;224;72m▀[38;2;255;228;76m[48;2;255;224;68m▀[38;2;255;216;72m[48;2;255;220;64m▀[38;2;255;220;72m[48;2;255;220;68m▀[38;2;255;216;72m[48;2;255;220;72m▀[38;2;255;220;72m▀[38;2;255;208;64m▀[38;2;255;208;68m[48;2;255;208;72m▀[38;2;255;208;72m[48;2;255;212;72m▀[38;2;255;208;68m[48;2;255;208;68m▀[38;2;255;204;56m[48;2;255;216;68m▀[38;2;255;216;76m[48;2;248;204;72m▀[38;2;220;168;60m[48;2;204;144;44m▀[38;2;212;160;56m[48;2;248;192;72m▀[38;2;255;224;76m[48;2;255;216;68m▀[38;2;220;176;84m[48;2;200;144;76m▀[38;2;192;140;76m[48;2;244;192;80m▀[38;2;255;224;84m[48;2;255;212;60m▀[38;2;252;192;40m[48;2;255;204;52m▀[38;2;255;208;56m[48;2;255;208;60m▀[38;2;255;212;56m[48;2;255;212;52m▀[38;2;232;184;72m[48;2;255;216;68m▀[38;2;104;68;32m[48;2;124;88;48m▀[38;2;252;216;72m[48;2;232;192;60m▀[38;2;255;212;64m[48;2;255;216;60m▀[38;2;255;208;64m[48;2;255;212;64m▀[38;2;255;220;72m[48;2;255;220;68m▀[48;2;255;212;68m▀[38;2;255;236;108m[48;2;252;216;72m▀[38;2;196;156;80m[48;2;255;216;84m▀[38;2;152;108;52m[48;2;216;180;72m▀[38;2;200;160;80m[48;2;184;140;64m▀[38;2;252;212;76m[48;2;212;164;52m▀[38;2;255;212;60m[48;2;255;224;76m▀[38;2;255;208;64m[48;2;255;208;60m▀[38;2;255;216;72m[48;2;255;212;68m▀[38;2;255;208;60m[48;2;255;208;64m▀[38;2;255;200;56m[48;2;255;204;60m▀[38;2;255;204;64m[48;2;255;204;64m▀[38;2;252;196;56m[48;2;255;196;64m▀[38;2;255;204;88m[48;2;252;196;64m▀[38;2;144;96;40m[48;2;255;212;96m▀[38;2;8;0;4m[48;2;84;52;32m▀[38;2;16;24;20m[48;2;0;4;4m▀[38;2;168;140;96m[48;2;168;136;92m▀[0m
[38;2;80;112;60m[48;2;96;128;76m▀[38;2;100;144;56m[48;2;96;144;56m▀[38;2;88;136;60m[48;2;96;144;68m▀[38;2;92;140;68m[48;2;92;144;72m▀[38;2;96;140;60m[48;2;92;144;64m▀[38;2;88;124;64m[48;2;84;136;68m▀[38;2;108;48;40m[48;2;96;48;40m▀[38;2;255;80;64m[48;2;255;72;56m▀[38;2;252;72;44m[48;2;255;72;40m▀[38;2;255;76;56m[48;2;232;80;60m▀[38;2;220;88;68m[48;2;80;52;32m▀[38;2;76;68;32m[48;2;80;124;64m▀[38;2;92;132;72m[48;2;92;148;76m▀[38;2;104;148;72m[48;2;92;136;56m▀[38;2;88;140;72m[48;2;88;136;68m▀[38;2;64;68;28m[48;2;60;64;28m▀[38;2;240;204;76m[48;2;244;204;68m▀[38;2;255;228;60m[48;2;252;224;64m▀[38;2;255;224;60m[48;2;252;212;64m▀[38;2;255;216;68m[48;2;252;220;72m▀[38;2;255;220;56m[48;2;252;224;64m▀[38;2;255;224;80m[48;2;252;232;84m▀[38;2;124;92;52m[48;2;128;96;48m▀[38;2;236;204;72m[48;2;228;200;76m▀[38;2;255;232;60m[48;2;252;228;56m▀[38;2;255;228;68m[48;2;252;224;64m▀[38;2;255;228;60m[48;2;252;224;60m▀[38;2;252;216;72m[48;2;252;228;80m▀[38;2;112;84;44m[48;2;112;80;36m▀[38;2;244;212;92m[48;2;212;172;84m▀[38;2;255;220;64m[48;2;252;220;72m▀[38;2;255;212;76m[48;2;252;204;56m▀[38;2;240;192;76m[48;2;255;204;68m▀[38;2;244;212;72m[48;2;255;220;80m▀[38;2;255;232;76m[48;2;252;220;68m▀[38;2;255;228;72m[48;2;252;224;72m▀[48;2;252;220;72m▀[48;2;252;216;68m▀[48;2;252;216;64m▀[38;2;255;220;68m▀[38;2;255;220;64m[48;2;252;220;64m▀[38;2;255;220;72m[48;2;252;204;56m▀[38;2;255;212;68m[48;2;252;204;64m▀[38;2;255;216;72m▀[38;2;255;212;68m[48;2;252;204;60m▀[38;2;255;220;72m[48;2;244;204;64m▀[38;2;240;188;76m[48;2;216;156;44m▀[38;2;232;180;68m[48;2;252;208;68m▀[38;2;255;220;76m[48;2;252;208;60m▀[38;2;236;188;60m[48;2;228;172;48m▀[38;2;220;164;72m[48;2;252;208;72m▀[38;2;255;216;68m[48;2;252;204;52m▀[38;2;255;208;52m[48;2;252;212;60m▀[38;2;255;208;60m[48;2;252;208;60m▀[38;2;255;216;60m[48;2;255;212;60m▀[38;2;252;212;52m[48;2;252;212;56m▀[38;2;255;220;72m[48;2;255;220;76m▀[38;2;144;108;48m[48;2;156;120;56m▀[38;2;224;184;60m[48;2;232;188;68m▀[38;2;255;220;60m[48;2;255;212;60m▀[38;2;255;216;64m[48;2;252;216;60m▀[38;2;255;224;72m[48;2;255;224;72m▀[38;2;255;220;76m[48;2;255;220;72m▀[38;2;255;224;80m[48;2;255;220;76m▀[38;2;255;212;68m[48;2;255;216;76m▀[38;2;255;216;80m[48;2;255;212;80m▀[38;2;236;192;68m[48;2;255;212;76m▀[38;2;200;144;36m[48;2;236;188;72m▀[38;2;244;200;80m[48;2;224;168;60m▀[38;2;255;216;60m[48;2;255;216;68m▀[38;2;255;216;72m[48;2;252;216;72m▀[38;2;255;208;68m[48;2;255;208;76m▀[48;2;255;208;72m▀[38;2;255;204;68m▀[38;2;255;200;64m[48;2;255;204;68m▀[38;2;252;196;60m[48;2;255;200;64m▀[38;2;255;220;80m[48;2;252;200;60m▀[38;2;192;144;72m[48;2;255;212;84m▀[38;2;12;0;0m[48;2;80;52;20m▀[38;2;168;136;96m[48;2;136;100;76m▀[0m
[38;2;124;152;92m[48;2;132;116;84m▀[38;2;116;152;56m[48;2;124;116;68m▀[38;2;116;156;72m[48;2;112;112;60m▀[38;2;96;144;64m[48;2;112;112;56m▀[38;2;100;148;64m[48;2;116;112;60m▀[38;2;104;148;68m[48;2;136;120;68m▀[38;2;80;60;36m[48;2;104;84;60m▀[38;2;240;92;48m[48;2;152;116;76m▀[38;2;255;124;64m[48;2;164;132;80m▀[38;2;164;84;52m[48;2;116;84;52m▀[38;2;84;108;60m[48;2;120;116;76m▀[38;2;96;156;72m[48;2;96;108;60m▀[38;2;96;148;64m[48;2;96;108;56m▀[38;2;100;148;64m[48;2;100;116;56m▀[38;2;100;152;76m[48;2;104;116;72m▀[38;2;64;68;28m[48;2;92;80;56m▀[38;2;240;208;84m[48;2;152;128;64m▀[38;2;255;248;84m[48;2;164;148;60m▀[38;2;255;232;80m[48;2;164;148;52m▀[38;2;255;240;72m[48;2;168;148;52m▀[48;2;168;144;48m▀[38;2;255;255;92m[48;2;168;152;60m▀[38;2;176;148;76m[48;2;152;128;72m▀[38;2;220;188;88m[48;2;144;116;52m▀[38;2;255;244;76m[48;2;172;152;68m▀[38;2;255;232;72m[48;2;176;152;64m▀[38;2;255;236;72m[48;2;176;152;56m▀[38;2;255;248;88m[48;2;172;156;64m▀[38;2;204;160;80m[48;2;168;148;84m▀[48;2;152;124;64m▀[38;2;255;240;72m[48;2;180;160;60m▀[38;2;255;224;68m[48;2;184;160;60m▀[38;2;255;224;72m[48;2;180;152;60m▀[38;2;255;232;84m[48;2;184;164;68m▀[38;2;255;232;80m[48;2;188;168;68m▀[38;2;255;236;84m[48;2;192;172;76m▀[38;2;255;240;88m▀[38;2;255;232;84m[48;2;192;176;76m▀[38;2;255;236;84m[48;2;188;172;68m▀[38;2;255;236;80m[48;2;196;176;68m▀[38;2;255;232;76m[48;2;192;172;64m▀[38;2;255;224;72m[48;2;200;176;72m▀[38;2;255;224;76m[48;2;196;168;76m▀[38;2;255;220;68m[48;2;200;172;72m▀[38;2;255;228;68m[48;2;196;172;68m▀[38;2;232;192;68m[48;2;192;164;76m▀[38;2;232;188;88m[48;2;204;176;92m▀[38;2;255;228;60m[48;2;208;176;72m▀[38;2;255;200;56m[48;2;204;168;72m▀[38;2;255;200;72m[48;2;208;172;80m▀[38;2;255;220;68m[48;2;208;172;76m▀[38;2;255;216;64m[48;2;208;176;72m▀[48;2;208;176;68m▀[48;2;204;168;76m▀[38;2;255;220;64m[48;2;216;176;76m▀[38;2;255;216;56m[48;2;220;184;76m▀[38;2;255;216;76m[48;2;220;188;84m▀[38;2;184;148;80m[48;2;184;148;88m▀[38;2;252;212;76m[48;2;228;192;92m▀[38;2;255;216;68m[48;2;236;196;80m▀[38;2;255;220;56m[48;2;236;200;76m▀[38;2;255;232;72m[48;2;232;200;84m▀[38;2;255;228;72m[48;2;236;208;80m▀[38;2;255;220;64m[48;2;232;204;80m▀[38;2;255;224;76m[48;2;232;204;84m▀[38;2;255;216;72m[48;2;232;196;80m▀[38;2;255;212;64m[48;2;228;188;76m▀[38;2;255;224;88m[48;2;232;200;96m▀[38;2;212;152;64m[48;2;208;160;72m▀[38;2;255;212;84m[48;2;232;188;80m▀[38;2;255;224;80m[48;2;236;204;84m▀[38;2;255;216;84m[48;2;236;196;76m▀[38;2;255;216;80m[48;2;240;204;80m▀[38;2;255;212;76m▀[38;2;255;212;72m[48;2;240;200;80m▀[38;2;255;200;64m[48;2;244;200;72m▀[38;2;255;204;72m▀[38;2;255;216;80m[48;2;244;196;72m▀[38;2;212;160;72m[48;2;228;180;72m▀[38;2;156;108;76m[48;2;200;156;88m▀[0m

     * «Я не могу писать в /home…» — «sudo!» *

ART
